date,time,Holiday,Year,Mouth,Day,TOPT,MT,LOWT,WET,P,WIND,RAIN,SUN,SO2,NO2,CO,O3,PM10,PM2.5,TD,WOAMN,MAN,AGE1,AGE2,AGE3,AGE4,AGE5,AGE6,AGE7,AG1,AG2,AG3,HX,XH,MJ,NFM
20140501,121,1,2014,5,1,27.5,19.7,11.5,72,1014.2,1.7,0,107,16,38,1,140,89,54,93,39,54,0,0,3,10,21,51,8,0,23,70,10,33,0,3
20140502,122,1,2014,5,2,30.8,21.8,12.7,61,1016.2,2.6,0,108,19,39,1,148,84,46,91,49,42,1,0,2,6,24,48,10,1,16,74,17,32,1,4
20140503,123,1,2014,5,3,22,18.2,14,60,1020.4,2.9,0,92,22,33,1,118,104,51,94,46,48,0,0,5,14,17,45,13,0,28,66,16,26,0,4
20140504,124,0,2014,5,4,21.2,16.4,13.4,77,1016.1,2,102,0,15,42,1,91,90,46,103,39,64,0,0,0,5,24,67,7,0,12,91,13,37,1,0
20140505,125,0,2014,5,5,18.7,16.1,13.7,54,1020.9,2.9,36,115,26,31,1.1,122,54,25,82,37,45,0,0,4,10,18,44,6,0,22,60,10,24,0,2
20140506,126,0,2014,5,6,22.1,15.6,9.2,49,1019.9,2.1,0,109,16,32,1,116,61,30,86,32,54,0,0,3,16,18,44,5,0,30,56,10,21,0,5
20140507,127,0,2014,5,7,27,19.5,10.6,63,1012.3,2.4,0,111,12,23,0.9,121,49,24,104,39,65,1,0,4,11,28,53,7,1,26,77,11,36,1,2
20140508,128,0,2014,5,8,27.7,19.4,14.3,76,1012.9,2.7,0,100,32,58,1.1,198,108,62,99,37,62,2,0,4,13,20,51,9,2,29,68,14,30,0,0
20140509,129,0,2014,5,9,21.1,16.5,11.9,84,1014.9,1.8,2,0,11,26,0.8,122,89,56,94,38,56,0,0,3,9,31,42,9,0,21,73,13,33,2,3
20140510,130,1,2014,5,10,21.1,19.5,16.9,89,1011.9,2.6,1,0,8,19,0.7,87,31,20,83,38,45,1,0,5,6,24,37,10,1,19,63,11,18,1,5
20140511,131,1,2014,5,11,26.4,22.1,18.9,88,1006.8,3.2,84,0,9,21,0.9,65,33,21,89,43,46,1,0,1,12,16,51,8,1,17,71,13,35,1,0
20140512,132,0,2014,5,12,25.3,20,17,75,1011.5,0.9,85,47,21,38,1.3,163,61,46,104,43,61,0,0,6,17,24,49,8,0,36,68,14,30,2,3
20140513,133,0,2014,5,13,24,20,14.7,71,1008,2.5,2,32,15,36,1,123,60,40,85,32,53,2,0,3,17,17,37,9,2,27,56,6,23,3,1
20140514,134,0,2014,5,14,27,22.4,19.1,86,1001,1.4,410,24,20,49,1.2,113,81,55,98,43,55,1,1,7,8,16,51,14,2,20,76,17,30,2,2
20140515,135,0,2014,5,15,24.3,20.6,16.9,82,1006.1,2.3,6,37,27,52,1.1,191,113,68,94,43,51,1,0,1,12,25,47,8,1,22,71,13,24,2,4
20140516,136,0,2014,5,16,27.2,21.5,15.6,69,1009.4,2.1,0,34,17,38,0.9,171,116,58,87,38,49,1,0,3,10,20,39,14,1,22,64,9,21,2,1
20140517,137,1,2014,5,17,22,19.2,17.7,93,1008.6,1.9,186,0,9,29,0.8,122,44,29,78,33,45,0,1,1,6,22,39,9,0,19,59,7,27,1,4
20140518,138,1,2014,5,18,18.6,18,17.4,96,1010.1,1.5,1,0,12,33,0.7,86,55,35,105,43,62,1,1,0,15,24,49,15,2,23,80,23,25,1,2
20140519,139,0,2014,5,19,23.9,19.1,16.3,90,1009.3,0.5,93,0,16,43,0.9,140,76,45,87,41,46,1,0,1,11,21,44,9,1,20,66,5,29,1,2
20140520,140,0,2014,5,20,26.9,21.6,18.9,81,1007,2.4,29,54,21,48,1.1,183,101,69,89,42,47,0,0,3,6,27,45,8,0,17,72,19,20,2,0
20140521,141,0,2014,5,21,29.4,22.7,15.5,73,1008.9,2.2,0,98,22,46,1.2,199,125,84,97,37,60,0,0,4,11,30,46,6,0,24,73,10,28,1,4
20140522,142,0,2014,5,22,23.2,21.5,19.5,73,1010.3,2.5,8,0,12,27,0.8,130,55,36,83,30,53,0,0,6,17,15,35,10,0,30,53,16,23,0,1
20140523,143,0,2014,5,23,26,22.1,18.5,74,1014.7,3.8,0,121,8,14,0.6,106,28,13,74,33,41,0,0,3,9,20,34,8,0,18,56,9,15,0,5
20140524,144,1,2014,5,24,24.2,22.4,20.4,84,1012.9,3.2,0,0,9,15,0.6,90,29,14,112,51,61,1,0,2,14,29,50,16,1,29,82,15,28,0,1
20140525,145,1,2014,5,25,29.5,25.3,22.8,87,1007.6,1.2,72,12,11,33,0.9,53,59,40,96,53,43,1,0,2,9,22,53,9,1,20,75,10,25,1,7
20140526,146,0,2014,5,26,30.5,24.7,21.4,81,1008.5,1.3,214,36,29,44,1.5,178,169,102,96,51,45,1,0,4,12,27,41,11,1,29,66,12,28,2,3
20140527,147,0,2014,5,27,32.6,25.4,20.6,78,1005.1,1.1,0,85,26,48,1.3,163,157,91,101,41,60,3,0,3,13,20,52,10,3,24,74,10,31,2,2
20140528,148,0,2014,5,28,33.6,26.8,20.5,59,1005.6,1.7,0,95,29,52,1.1,242,159,81,88,46,42,1,0,3,7,22,50,5,1,19,68,11,29,0,0
20140529,149,0,2014,5,29,32.8,26.8,19.8,55,1007,1.4,0,59,22,39,1,160,135,68,77,36,41,0,0,2,13,15,40,7,0,18,59,6,26,1,1
20140530,150,0,2014,5,30,29.2,25.7,20.1,56,1009.1,2.3,0,112,14,29,0.8,127,86,45,93,38,55,1,0,3,12,21,40,16,1,19,73,8,30,2,3
20140531,151,1,2014,5,31,23.8,21.9,20.7,84,1010.5,2.8,12,7,8,15,0.8,114,36,21,68,21,47,0,0,4,7,16,37,4,0,19,49,5,17,2,3
20140601,152,1,2014,6,1,24.1,22.7,21,89,1005.3,2.9,106,0,8,15,0.8,96,28,17,98,42,56,0,1,5,7,26,48,11,0,22,76,12,32,1,0
20140602,153,1,2014,6,2,30.4,25.1,22.4,78,1001.6,2.2,36,34,14,25,1,146,65,43,81,36,45,0,0,0,18,26,35,2,0,32,49,8,23,0,3
20140603,154,0,2014,6,3,25.4,22.8,19.6,68,1004.3,2.1,0,46,19,25,1,133,64,41,73,39,34,2,0,2,9,17,39,4,2,19,52,13,20,2,4
20140604,155,0,2014,6,4,25.7,22,17.4,75,1004.1,1.6,0,15,26,45,1.2,141,106,71,91,40,51,1,0,8,11,19,44,8,1,27,63,11,28,1,4
20140605,156,0,2014,6,5,25.9,21.6,17.3,83,1005,1.7,0,84,21,45,1.1,160,100,65,67,30,37,0,0,4,8,10,38,7,0,17,50,11,16,0,1
20140606,157,0,2014,6,6,28.5,23.5,18.6,79,1004.6,2,0,107,12,24,0.9,155,55,34,68,34,34,0,0,3,7,20,33,5,0,17,51,7,16,1,2
20140607,158,1,2014,6,7,30,24.8,20.9,77,1002.9,2.2,0,72,11,17,0.9,123,55,36,64,29,35,0,0,0,13,15,29,7,0,18,46,10,16,1,1
20140608,159,1,2014,6,8,28.9,24.6,19.9,79,1004.6,2.5,0,60,10,15,0.8,106,45,29,100,45,55,1,0,4,14,23,49,9,1,22,77,9,33,2,2
20140609,160,0,2014,6,9,28.7,23.9,20.3,77,1005.5,2.8,0,78,10,15,0.8,81,35,24,86,46,40,0,0,2,11,23,41,9,0,21,65,7,29,0,5
20140610,161,0,2014,6,10,26,23.1,21,82,1005.6,2.6,0,47,12,21,0.8,65,43,26,100,49,51,0,1,1,14,19,55,10,0,20,80,9,36,2,5
20140611,162,0,2014,6,11,25.7,22.4,19.7,79,1006,2.4,0,84,13,24,0.8,95,38,24,72,32,40,0,0,0,14,22,27,9,0,26,46,7,20,1,2
20140612,163,0,2014,6,12,28.1,22.7,16.9,79,1006,1.9,0,72,21,40,1.1,170,95,59,81,35,46,0,0,3,11,26,35,6,0,24,57,9,24,1,2
20140613,164,0,2014,6,13,30.6,24.2,18.6,70,1007.1,2.1,0,105,16,30,1.1,203,78,53,79,41,38,0,0,4,12,13,46,4,0,20,59,7,20,3,0
20140614,165,1,2014,6,14,32.5,26,20.5,61,1007.7,2,0,86,17,31,1,175,79,55,89,38,51,0,0,3,11,18,51,6,0,21,68,12,27,1,4
20140615,166,1,2014,6,15,31.4,25.6,21.2,73,1006.4,2.3,0,110,10,16,0.8,99,38,24,89,41,48,1,1,1,12,25,40,9,1,23,65,10,26,0,3
20140616,167,0,2014,6,16,27.2,24.9,23.6,86,1003,2.2,5,0,8,14,0.8,66,27,15,105,49,56,1,1,3,11,28,50,11,2,25,78,14,30,3,1
20140617,168,0,2014,6,17,26,23.9,22.2,92,1001.1,2.6,193,0,11,38,1.2,67,57,39,78,32,46,0,0,4,7,22,36,9,0,18,60,14,21,0,0
20140618,169,0,2014,6,18,25.6,23,21.3,85,1005.1,2,1,0,14,30,0.9,114,48,30,64,30,34,0,0,1,10,17,31,5,0,18,46,8,13,0,5
20140619,170,0,2014,6,19,27.1,24.1,21.7,82,1004.4,2.2,0,17,9,16,0.8,98,31,17,85,31,54,0,0,3,9,19,42,12,0,24,61,6,28,1,0
20140620,171,0,2014,6,20,27.1,24.4,23,94,1002.1,1.4,254,8,8,28,0.9,60,28,18,85,33,52,1,0,3,20,23,31,7,1,34,50,10,22,0,1
20140621,172,1,2014,6,21,27.7,23.9,22.3,97,1002.8,2.1,185,0,11,34,1.1,60,45,30,66,32,34,0,0,0,11,16,27,12,0,19,47,7,20,0,0
20140622,173,1,2014,6,22,22.4,21.5,20.8,95,1007.1,1.7,753,0,9,28,0.9,76,22,15,87,36,51,0,0,3,14,25,39,6,0,29,58,9,21,0,4
20140623,174,0,2014,6,23,23,21.5,20.4,95,1007.1,1,65,0,12,42,1.1,43,38,26,89,39,50,0,0,1,15,22,41,10,0,24,65,11,25,1,4
20140624,175,0,2014,6,24,25.6,22.5,20,88,1007,1.6,1,0,10,22,0.8,87,22,14,87,32,55,1,0,6,9,24,37,10,1,23,63,7,21,0,3
20140625,176,0,2014,6,25,24.5,22.3,20.1,91,1006.1,1.6,111,0,8,22,0.7,88,18,14,81,27,54,0,1,2,11,15,49,3,1,15,65,18,25,1,0
20140626,177,0,2014,6,26,27.6,24,22,93,1003.9,1.4,43,0,14,50,1,91,70,43,65,19,46,1,0,1,19,13,27,4,1,24,40,5,17,0,2
20140627,178,0,2014,6,27,24.6,22.9,21.8,97,1005,1.3,541,0,10,42,0.9,60,39,22,78,34,44,0,0,4,10,15,44,5,0,19,59,9,18,2,5
20140628,179,1,2014,6,28,23.6,21.2,19.7,94,1007.2,1.4,88,0,12,44,0.8,69,44,27,86,36,50,0,0,3,11,20,44,8,0,19,67,6,28,1,2
20140629,180,1,2014,6,29,25.6,22.3,18,85,1007.9,0.8,32,0,13,36,1,64,52,33,90,39,51,1,0,1,11,18,51,8,1,23,66,10,28,2,2
20140630,181,0,2014,6,30,24.4,21.6,20.6,94,1009.9,0.8,95,0,12,40,1,62,58,37,57,22,35,0,1,1,10,21,20,4,0,23,34,7,16,3,0
20140701,182,0,2014,7,1,26.3,23.4,20.4,91,1008.7,1.2,35,0,10,28,0.9,69,38,26,93,41,52,0,0,3,12,16,48,14,0,21,72,9,24,2,4
20140702,183,0,2014,7,2,33.3,27.4,23.2,83,1003.1,1.5,4,27,10,33,1,80,64,37,70,37,33,1,0,3,8,18,35,5,1,22,47,7,18,1,2
20140703,184,0,2014,7,3,29,25.6,23.2,86,1003.2,1.1,56,53,14,32,1.2,170,92,63,102,40,62,0,0,1,12,27,53,9,0,26,76,10,34,1,4
20140704,185,0,2014,7,4,28.6,25.6,22.4,82,1005.4,2.7,34,40,9,18,1,136,77,56,92,44,48,0,1,3,10,20,53,5,0,20,72,7,29,1,2
20140705,186,1,2014,7,5,33.3,27.4,23.3,85,1003.8,1.6,21,32,8,17,0.6,58,28,21,97,48,49,2,0,2,12,18,46,17,2,20,75,13,31,2,1
20140706,187,1,2014,7,6,28.5,26.2,24.8,87,1004.1,1.5,12,0,11,29,0.9,118,67,50,91,36,55,1,0,6,11,23,43,7,1,24,66,10,15,2,2
20140707,188,0,2014,7,7,28.7,25,22.8,84,1004.8,1.1,0,11,17,34,0.9,135,81,58,91,38,53,0,0,7,10,25,39,10,0,24,67,14,25,1,3
20140708,189,0,2014,7,8,28.4,24.8,23.3,89,1001.3,3,2,38,11,24,0.7,88,46,33,79,41,38,0,0,4,15,23,34,3,0,27,52,9,21,0,2
20140709,190,0,2014,7,9,32.1,28,24.5,77,998.4,4.8,37,77,13,23,0.7,120,75,56,90,42,48,0,0,7,10,17,47,9,0,25,65,6,21,0,0
20140710,191,0,2014,7,10,33.5,28.6,24.7,79,1001.9,1.4,0,39,12,44,0.9,118,96,61,90,31,59,0,0,3,14,23,43,7,0,27,63,11,18,0,3
20140711,192,0,2014,7,11,35.2,29.9,24.5,76,1002.6,1.6,0,91,10,36,0.9,170,91,67,90,38,52,1,1,2,13,19,42,12,2,23,65,14,24,1,0
20140712,193,1,2014,7,12,35.7,30.4,27.2,81,1001.9,2,108,66,11,39,0.9,109,85,54,101,45,56,1,1,4,6,25,55,9,2,16,83,12,27,0,2
20140713,194,1,2014,7,13,27.3,24.4,23.5,95,1005.3,1,390,0,9,38,0.9,86,52,37,79,35,44,0,0,4,5,17,45,8,0,15,64,10,30,1,4
20140714,195,0,2014,7,14,29.1,25.3,23.3,89,1008,1.6,258,40,10,33,0.9,133,33,30,93,47,46,2,1,3,13,28,38,8,3,24,66,3,23,0,3
20140715,196,0,2014,7,15,28.7,26.2,24.2,91,1008,1.1,3,0,10,33,0.9,133,33,30,72,32,40,0,1,0,10,17,38,6,1,16,55,8,22,0,4
20140716,197,0,2014,7,16,34.4,27.9,23.8,83,1008.6,1,36,61,8,34,0.6,75,38,23,82,34,48,1,1,5,12,20,36,7,2,25,55,7,18,0,1
20140717,198,0,2014,7,17,33.4,28.7,24.2,81,1008.9,2.7,0,117,7,13,0.4,36,23,13,92,38,54,2,0,0,13,28,40,9,2,22,68,5,27,6,3
20140718,199,0,2014,7,18,33.9,29.7,26.4,77,1009.6,2.7,0,94,6,12,0.4,41,21,12,79,31,48,1,0,2,16,17,38,5,1,26,52,11,15,1,0
20140719,200,1,2014,7,19,33.5,29.3,26.8,79,1010.3,2.3,0,83,7,15,0.4,45,26,14,92,35,57,0,0,7,20,17,38,10,0,33,59,6,28,0,4
20140720,201,1,2014,7,20,34.9,29.9,25.4,77,1008.8,2.3,0,121,7,14,0.4,61,24,14,82,35,47,2,0,2,14,10,47,7,2,21,59,14,22,0,1
20140721,202,0,2014,7,21,34.5,29.9,25.4,75,1006.4,2.6,0,124,7,13,0.4,57,22,12,97,46,51,3,0,4,7,23,51,9,3,19,75,12,24,1,4
20140722,203,0,2014,7,22,34.8,30.1,25.6,74,1005.4,2.9,0,127,7,11,0.5,58,21,11,102,38,64,1,1,2,12,28,51,7,1,28,73,8,27,2,1
20140723,204,0,2014,7,23,33.3,30.2,27.3,77,1003.1,3.3,0,88,5,10,0.5,38,32,13,87,33,54,1,1,4,8,25,39,9,2,22,63,12,25,0,2
20140724,205,0,2014,7,24,32.5,30.2,28.1,74,999.1,4.3,212,60,6,9,0.5,58,39,18,83,39,44,2,0,2,18,20,35,6,2,24,57,7,20,1,1
20140725,206,0,2014,7,25,32.1,30.4,29.4,70,1002.3,4.1,11,8,6,17,0.6,73,40,23,75,37,38,1,0,2,6,24,36,6,1,18,56,13,22,1,1
20140726,207,1,2014,7,26,34.7,29,23.7,83,1008.9,1.6,963,72,7,27,0.5,101,49,32,84,27,57,0,0,4,15,17,41,7,0,28,56,6,20,0,3
20140727,208,1,2014,7,27,33.1,26.1,22.5,91,1008.9,1.1,178,82,9,32,0.6,124,43,32,77,23,54,0,0,4,16,16,32,9,0,26,51,8,18,1,2
20140728,209,0,2014,7,28,31.7,27.1,23.3,87,1006.5,0.9,17,25,11,38,0.7,94,46,32,89,42,47,0,0,4,17,19,40,9,0,31,58,5,31,1,2
20140729,210,0,2014,7,29,33.8,29,25.6,78,1006.2,2.8,0,95,8,17,0.5,54,28,18,80,32,48,1,1,4,9,14,42,9,2,17,61,8,23,1,0
20140730,211,0,2014,7,30,33.9,29.5,25.1,79,1005.9,2.4,0,113,9,17,0.5,51,32,19,74,32,42,0,0,2,14,23,28,7,0,25,49,9,20,0,4
20140731,212,0,2014,7,31,31.3,28.5,26.2,86,1002.3,4.2,9,98,7,18,0.5,47,30,14,81,38,43,0,0,4,5,19,41,12,0,13,68,9,20,0,3
20140801,213,0,2014,8,1,27.8,26.8,25.8,89,996.1,4.6,77,0,7,14,0.5,41,26,11,100,44,56,1,0,1,13,24,52,9,1,27,72,12,29,0,4
20140802,214,1,2014,8,2,28.7,26.4,25,87,996.2,3.6,24,0,8,26,0.7,61,43,29,92,43,49,0,0,3,15,20,47,7,0,27,65,7,25,1,2
20140803,215,1,2014,8,3,35.7,29.8,25,73,1000.6,2,7,115,9,23,0.6,113,34,24,81,36,45,1,0,1,8,18,45,8,1,17,63,12,24,0,1
20140804,216,0,2014,8,4,35.7,30.3,25.1,78,1002.2,2,0,103,8,22,0.7,118,55,38,98,42,56,1,1,5,14,22,48,7,1,26,71,18,20,0,4
20140805,217,0,2014,8,5,36,30.6,26.2,73,1003.3,1.7,0,108,7,15,0.5,104,38,26,97,52,45,1,0,3,13,26,43,11,1,25,71,11,28,1,1
20140806,218,0,2014,8,6,33.9,29.6,26.2,75,1003,2.2,0,96,7,14,0.5,78,26,17,91,33,58,0,0,4,15,15,46,11,0,27,64,14,19,2,3
20140807,219,0,2014,8,7,34.6,29.5,24.4,75,1002,2.1,0,108,8,15,0.5,83,32,21,99,41,58,0,0,1,16,33,43,6,0,29,70,8,23,1,5
20140808,220,0,2014,8,8,31,28.1,25.6,85,1002.1,1.1,18,13,12,29,0.6,54,48,27,93,32,61,0,0,2,14,21,46,10,0,21,72,11,25,0,3
20140809,221,1,2014,8,9,30.6,27.5,25.3,84,1003.1,0.7,44,4,13,32,0.7,94,54,36,86,38,48,1,0,4,14,24,33,10,1,31,54,11,19,0,3
20140810,222,1,2014,8,10,29.9,27.4,25.9,81,1003.1,2.3,0,10,12,28,0.9,102,69,47,89,32,57,1,0,2,10,20,46,10,1,22,66,14,27,1,2
20140811,223,0,2014,8,11,30.1,26.8,25.2,77,1003.9,2.2,0,27,12,26,0.8,111,51,37,97,46,51,0,0,2,13,29,43,10,0,28,69,13,22,0,1
20140812,224,0,2014,8,12,27.8,26.3,24.5,77,1004.5,1.6,0,0,12,31,0.7,82,39,21,67,25,42,0,1,4,8,13,36,5,1,16,50,13,12,1,0
20140813,225,0,2014,8,13,31.6,27.8,22.8,77,1003.7,2.3,0,71,12,25,0.7,97,39,25,80,32,48,1,0,6,12,17,38,6,1,25,54,5,13,1,3
20140814,226,0,2014,8,14,30.5,26.2,23.7,88,1004.8,2,1,18,10,27,0.8,72,41,26,77,32,45,0,0,3,13,17,37,7,0,21,56,13,21,0,4
20140815,227,0,2014,8,15,26.5,24.9,23.9,90,1009.7,1.3,56,0,14,36,0.9,76,50,34,96,49,47,0,0,2,12,30,45,7,0,24,72,14,31,2,3
20140816,228,1,2014,8,16,24.4,23.6,23.3,97,1009,0.9,382,0,9,34,0.9,72,29,22,89,38,51,0,0,4,15,17,38,15,0,27,62,12,22,2,2
20140817,229,1,2014,8,17,29.6,25.3,23.2,90,1006.1,1.6,21,0,11,30,0.9,74,49,37,74,29,45,1,0,2,6,20,39,6,1,13,60,7,28,0,0
20140818,230,0,2014,8,18,24.6,23.2,22.2,96,1009.7,1.5,502,0,9,37,0.9,50,36,29,100,43,57,1,0,3,14,23,50,9,1,27,72,15,24,2,2
20140819,231,0,2014,8,19,23.9,23.3,22.8,97,1010.4,1.3,517,0,9,37,0.9,70,23,22,91,40,51,2,1,0,9,27,47,5,3,21,67,10,29,0,4
20140820,232,0,2014,8,20,25.2,23.5,22.7,94,1008.5,1.7,409,0,10,34,0.8,63,28,24,103,47,56,2,1,6,10,32,47,5,3,29,71,9,30,1,2
20140821,233,0,2014,8,21,29.2,24.6,20.7,88,1010.3,1,5,45,13,28,0.8,136,46,40,119,45,74,1,0,3,13,32,66,4,1,32,86,18,28,1,3
20140822,234,0,2014,8,22,31.7,26.8,22.7,87,1009.7,1.4,93,51,11,30,0.8,97,40,31,97,34,63,0,0,2,13,22,50,10,0,20,77,11,29,0,3
20140823,235,1,2014,8,23,33.6,27.6,24.4,87,1007.7,1.1,13,53,11,30,0.8,102,42,31,108,44,64,2,0,10,17,25,45,9,2,39,67,15,29,0,6
20140824,236,1,2014,8,24,34.8,29.3,26,83,1006,2.1,0,74,8,20,0.8,85,52,33,87,39,48,1,0,5,9,23,40,9,1,25,61,12,24,1,3
20140825,237,0,2014,8,25,30,26.7,25.2,82,1009.9,1.1,0,8,16,32,1.1,114,61,42,101,43,58,0,0,3,13,18,55,12,0,20,81,19,24,1,4
20140826,238,0,2014,8,26,29.2,25.2,23.3,88,1013.4,1.4,86,9,13,44,1.3,118,93,61,83,39,44,1,1,1,13,19,36,12,2,23,58,7,25,1,3
20140827,239,0,2014,8,27,30.1,25.5,21.8,90,1013.3,1.4,245,0,9,35,1,98,55,39,86,33,53,0,0,3,8,28,39,8,0,22,64,7,22,0,3
20140828,240,0,2014,8,28,31.6,26.1,23.3,89,1013.2,1.5,1,34,11,40,0.9,129,51,40,91,36,55,1,0,2,12,17,51,8,1,20,70,11,31,0,4
20140829,241,0,2014,8,29,30.8,26.8,23.7,88,1012.7,0.6,126,13,12,38,0.9,114,59,43,87,34,53,1,0,5,9,15,50,7,1,20,66,17,25,1,1
20140830,242,1,2014,8,30,29,26,24.3,83,1012.6,1.6,133,69,12,32,0.9,136,50,40,91,43,48,1,1,5,7,21,43,13,1,19,71,12,28,1,1
20140831,243,1,2014,8,31,31.2,25.8,22.3,87,1009.7,1.2,263,32,12,31,0.8,110,48,33,96,38,58,1,0,2,15,20,48,10,1,26,69,15,26,2,2
20140901,244,0,2014,9,1,31.9,27.5,24,83,1008.6,1.6,8,37,12,29,0.8,124,52,39,93,39,54,0,0,2,11,21,51,8,0,19,74,13,25,1,1
20140902,245,0,2014,9,2,34,28.1,24.3,77,1008.5,3,0,83,12,26,0.8,121,50,39,88,48,40,0,1,3,11,19,45,9,1,19,68,10,33,1,3
20140903,246,0,2014,9,3,26.5,23.8,22.4,92,1007.8,0.7,136,6,13,36,0.8,61,38,26,98,39,59,0,0,3,11,23,50,11,0,19,79,14,29,2,0
20140904,247,0,2014,9,4,28.2,24.2,20.2,81,1009.9,1.5,0,91,18,35,1,176,93,73,94,34,60,1,1,5,9,23,46,9,2,23,69,12,25,0,2
20140905,248,0,2014,9,5,30.2,24.9,18.8,81,1010,1.7,0,78,13,33,1,162,87,69,81,37,44,1,1,1,15,22,37,4,1,25,55,11,20,1,4
20140906,249,1,2014,9,6,30,26.4,22.2,84,1009.8,1.7,0,94,14,30,0.8,119,54,42,99,52,47,2,1,7,9,17,48,15,3,27,69,12,23,2,1
20140907,250,1,2014,9,7,29.7,26,23,85,1008.8,1.6,0,62,13,28,0.7,127,55,39,99,42,57,0,0,6,11,24,48,10,0,24,75,10,25,2,4
20140908,251,0,2014,9,8,29.8,25.9,22.7,81,1007.7,1.6,0,0,15,29,0.8,136,63,47,99,37,62,0,0,3,18,29,42,7,0,31,68,19,30,0,5
20140909,252,0,2014,9,9,26.5,24.4,23.6,93,1007.8,1.3,896,0,12,32,0.9,86,51,37,96,42,54,0,0,5,8,22,51,10,0,23,73,8,24,0,5
20140910,253,0,2014,9,10,26.1,25,23.9,90,1010.1,0.8,3,0,14,37,0.8,53,62,40,104,47,57,0,0,0,13,38,41,12,0,30,74,7,41,0,6
20140911,254,0,2014,9,11,25.4,23.9,22.6,84,1011.8,1.6,39,0,13,43,0.8,72,52,33,113,50,63,1,0,8,18,26,48,12,1,39,73,17,29,2,1
20140912,255,0,2014,9,12,31.7,25.9,20.6,84,1008.2,1.3,1,56,11,26,0.7,91,43,30,102,40,62,2,0,5,9,24,51,11,2,23,77,17,25,3,3
20140913,256,1,2014,9,13,27.2,23.9,23.2,95,1008.6,2.5,488,0,12,35,0.9,48,41,27,74,27,47,0,0,2,11,20,34,7,0,15,59,9,24,1,1
20140914,257,1,2014,9,14,27.3,25,23.6,84,1011.1,2.6,1,12,12,34,0.7,64,35,22,93,40,53,2,0,2,7,29,43,10,2,20,71,8,33,1,2
20140915,258,0,2014,9,15,27.8,24.9,21.2,77,1012.6,2.3,0,68,12,30,0.6,89,40,22,80,21,59,0,0,5,14,19,35,7,0,27,53,9,23,1,2
20140916,259,0,2014,9,16,27.4,25,22.9,76,1014.1,1.9,0,4,13,29,0.6,104,43,25,112,49,63,1,0,5,12,27,52,15,1,28,83,14,30,0,2
20140917,260,0,2014,9,17,30.2,25.7,21,81,1014.4,1.8,0,43,12,29,0.7,97,51,31,105,52,53,0,0,2,12,26,49,16,0,28,77,6,38,1,4
20140918,261,0,2014,9,18,26,23.1,20.6,87,1014.4,2,176,0,11,31,0.7,72,38,23,94,41,53,0,0,2,9,29,43,11,0,19,75,13,21,0,1
20140919,262,0,2014,9,19,21.4,19.9,19.2,95,1012.5,1.7,299,0,9,39,0.7,71,28,21,80,40,40,1,0,2,11,16,43,7,1,18,61,10,23,2,1
20140920,263,1,2014,9,20,22.8,20.9,19.1,91,1010.7,1.4,118,0,17,59,1.1,68,66,47,88,38,50,2,0,5,5,23,49,4,2,22,64,11,33,2,2
20140921,264,1,2014,9,21,23.2,22.2,20.8,86,1011.8,2.4,164,0,9,37,0.7,83,32,24,88,41,47,2,0,3,10,22,41,10,2,24,62,10,29,0,2
20140922,265,0,2014,9,22,24.7,23.7,21.4,92,1007.4,5.7,216,0,7,12,0.5,83,16,14,113,40,73,1,0,5,12,28,54,13,1,29,83,20,34,1,4
20140923,266,0,2014,9,23,25.4,24.1,23,90,1002.9,3.7,356,0,9,22,0.7,43,15,9,80,27,53,1,0,2,12,17,37,11,1,23,56,13,22,0,3
20140924,267,0,2014,9,24,25.8,23.8,22.7,86,1012,1.5,1,0,15,37,0.8,58,47,30,87,39,48,1,0,1,9,20,46,10,1,17,69,10,27,1,1
20140925,268,0,2014,9,25,26.3,22.9,19.9,82,1015,1.2,0,24,15,43,0.7,128,56,37,80,37,43,0,1,1,10,24,35,9,1,22,57,10,25,1,3
20140926,269,0,2014,9,26,29.4,23.2,18.3,84,1013.6,0.8,0,40,13,33,0.8,133,68,48,82,34,48,1,0,5,9,17,45,5,1,21,60,3,19,0,3
20140927,270,1,2014,9,27,29.8,24.6,20.9,83,1013.8,1,0,70,12,28,0.7,126,55,42,108,49,59,0,0,5,20,31,44,8,0,40,68,6,35,1,2
20140928,271,0,2014,9,28,30.4,25.6,20.5,80,1012.4,2.2,0,84,11,20,0.6,100,40,30,120,69,51,1,0,1,15,34,52,17,1,27,92,15,31,0,5
20140929,272,0,2014,9,29,34.4,26.8,22.9,79,1010.1,2,4,78,15,31,0.9,142,68,49,94,40,54,0,0,2,8,25,42,17,0,20,74,12,32,0,2
20140930,273,0,2014,9,30,25.2,22.2,21,85,1016.3,3,41,0,10,26,0.7,83,37,26,78,31,47,0,1,2,12,27,27,9,1,31,46,9,20,0,3
20150501,486,1,2015,5,1,26.7,19.8,13.1,74,1011.2,3,0,103,14,27,0.7,148,77,51,106,50,56,1,0,3,9,23,54,16,1,23,82,16,31,0,3
20150502,487,1,2015,5,2,27,22,18.3,85,1006,2.1,43,22,8,25,0.7,122,55,38,100,44,56,0,0,1,13,27,49,10,0,24,76,10,26,2,3
20150503,488,1,2015,5,3,25.1,20.8,18.4,70,1010.6,3.8,5,81,13,28,0.8,176,59,40,104,55,49,0,0,3,10,25,50,16,0,24,80,15,20,0,6
20150504,489,0,2015,5,4,23.6,19.3,14,70,1014.8,2.5,0,71,20,44,0.9,174,97,58,83,34,49,0,0,3,7,25,41,7,0,22,61,11,21,0,5
20150505,490,0,2015,5,5,24.7,19.5,15.3,46,1012.7,3,0,78,16,37,0.6,128,53,20,98,45,53,0,0,5,15,23,40,15,0,28,70,11,25,3,2
20150506,491,0,2015,5,6,22.7,19,14.6,65,1008.7,1.3,1,13,14,39,0.7,106,70,33,101,41,60,0,0,4,12,34,45,6,0,31,70,12,27,0,0
20150507,492,0,2015,5,7,25,19.9,14.2,74,1012,1.9,0,46,18,40,0.8,177,77,45,86,37,49,1,0,3,11,25,40,6,1,23,62,7,23,0,4
20150508,493,0,2015,5,8,25.1,19.4,15.3,70,1009,2.6,107,43,10,28,0.6,117,37,19,94,31,63,0,0,2,9,26,46,11,0,23,71,13,30,0,4
20150509,494,1,2015,5,9,21,18.4,16.7,90,1011,1.3,10,0,12,37,0.6,113,48,31,83,35,48,0,1,1,10,23,47,1,1,18,64,8,25,2,5
20150510,495,1,2015,5,10,23.7,18.8,13.6,80,1014.5,2.7,5,48,9,22,0.6,122,37,23,72,23,49,1,0,5,2,19,36,9,1,16,55,10,24,0,1
20150511,496,0,2015,5,11,27,20,15.7,90,1009.2,1.7,370,18,8,26,0.7,75,31,19,94,36,58,1,0,5,11,29,40,8,1,29,64,11,25,1,3
20150512,497,0,2015,5,12,27.2,20.3,11.6,48,1011.1,2.9,20,115,15,40,0.6,130,55,26,90,36,54,2,0,3,16,21,36,12,2,30,58,7,26,0,2
20150513,498,0,2015,5,13,30,21.7,11.1,60,1009.2,2.4,0,110,15,40,0.7,155,60,32,97,45,52,1,0,2,19,23,45,7,1,29,67,16,20,1,1
20150514,499,0,2015,5,14,24.5,21.7,19.1,80,1009.3,2,102,0,13,51,0.9,67,56,33,90,48,42,0,0,1,12,20,46,11,0,20,70,18,21,0,3
20150515,500,0,2015,5,15,31.1,24.6,20.1,81,1007.2,1.6,169,33,11,43,0.8,102,41,24,96,45,51,1,0,3,17,21,39,15,1,30,65,14,23,0,3
20150516,501,1,2015,5,16,22.5,18.8,17.7,84,1012.2,2.4,25,0,12,38,0.7,124,60,38,85,35,50,0,0,3,14,23,40,5,0,32,53,9,28,1,3
20150517,502,1,2015,5,17,23.4,19.3,16.7,77,1009.4,2.8,0,18,8,23,0.6,112,42,24,103,41,62,0,1,2,12,27,50,11,1,20,82,15,33,3,3
20150518,503,0,2015,5,18,24.8,21.2,19.7,93,1003.7,2.1,117,0,12,58,1,55,55,38,99,45,54,0,0,8,14,26,38,13,0,29,70,13,35,1,0
20150519,504,0,2015,5,19,28,22.9,19.6,85,1006.3,1.5,0,22,14,45,1,151,57,41,90,37,53,1,1,4,8,23,39,14,2,20,68,10,25,1,7
20150520,505,0,2015,5,20,24.7,20.6,18.9,79,1011.2,1.4,0,0,14,36,0.7,137,48,27,90,41,49,0,0,4,6,20,49,11,0,19,71,13,27,2,5
20150521,506,0,2015,5,21,22.9,17.9,11.2,66,1016,1.7,0,107,17,40,0.6,141,45,19,81,36,45,0,0,2,10,17,49,3,0,19,62,10,33,0,5
20150522,507,0,2015,5,22,25.5,19.7,11.9,74,1012.1,3.1,0,106,10,23,0.6,129,38,16,104,41,63,0,1,3,15,28,45,12,0,27,77,14,23,2,4
20150523,508,1,2015,5,23,24.1,21.1,17.8,82,1008.5,1.5,0,0,11,28,0.7,93,37,22,73,31,42,0,0,0,14,12,36,11,0,16,57,14,18,0,3
20150524,509,1,2015,5,24,23.4,20.4,18.8,86,1008.2,1.1,0,0,23,49,0.8,102,59,35,71,29,42,1,0,4,12,16,32,6,1,21,49,8,24,0,2
20150525,510,0,2015,5,25,26.5,21.3,16.3,73,1009.6,1.6,0,99,12,27,0.6,119,41,24,84,31,53,0,0,4,10,25,38,7,0,23,61,11,24,1,0
20150526,511,0,2015,5,26,28.2,21.3,14.1,55,1010.5,1.9,0,83,12,27,0.5,143,39,22,77,30,47,0,0,4,6,18,41,8,0,16,61,8,21,0,1
20150527,512,0,2015,5,27,27.4,22.8,19.9,75,1005.5,2.1,0,12,10,20,0.6,107,41,26,114,53,61,0,0,4,10,29,59,12,0,23,91,12,37,0,5
20150528,513,0,2015,5,28,25.4,22,20.4,91,1003.6,1.5,21,0,12,36,0.8,110,61,43,82,39,43,0,0,2,8,19,42,11,0,19,63,9,26,2,2
20150529,514,0,2015,5,29,27.5,23.7,21.3,84,1003.5,2.4,0,18,7,19,0.6,93,38,24,97,44,53,0,0,4,9,23,44,17,0,23,74,13,27,2,4
20150530,515,1,2015,5,30,24.8,23,21.4,88,1005.1,1.8,8,0,12,37,0.9,63,62,44,102,51,51,0,0,2,16,29,48,7,0,31,71,14,28,0,3
20150531,516,1,2015,5,31,26.3,22.1,19.2,80,1008.8,1.6,0,51,16,32,0.7,128,45,29,81,45,36,0,0,1,14,25,34,7,0,25,56,4,19,0,4
20150601,517,0,2015,6,1,30.2,24.4,17.9,77,1007.3,2.7,0,115,8,18,0.6,113,38,25,106,48,58,0,0,2,17,19,53,15,0,23,83,12,23,4,2
20150602,518,0,2015,6,2,31.5,26.8,23.4,81,1004.1,1.8,1,5,12,34,0.8,75,52,34,103,48,55,1,0,7,14,24,49,8,1,31,71,10,30,1,4
20150603,519,0,2015,6,3,27,23.2,21.4,76,1009.5,3.3,9,0,9,26,0.6,101,38,23,86,36,50,0,2,3,13,18,38,12,2,22,62,10,21,0,4
20150604,520,0,2015,6,4,23.5,20.1,18.1,63,1010.6,1.8,1,0,15,38,0.6,82,37,18,78,37,41,0,0,5,12,19,33,9,0,20,58,4,21,1,2
20150605,521,0,2015,6,5,28.5,22.8,19,66,1006.5,2.9,0,97,19,29,0.8,203,70,43,70,28,42,0,0,2,14,26,23,5,0,28,42,5,14,0,1
20150606,522,1,2015,6,6,30.5,23.5,17.2,66,1009.6,2.8,0,127,12,20,0.7,186,55,36,92,43,49,0,0,3,7,20,52,10,0,16,76,9,35,0,4
20150607,523,1,2015,6,7,30.6,23.3,20.6,84,1008.4,2.2,76,43,8,22,0.7,120,34,21,83,38,45,1,0,3,10,25,34,10,1,24,58,16,18,2,4
20150608,524,0,2015,6,8,25.5,22.8,21.6,95,1004.5,1.4,119,0,10,43,0.9,58,41,32,87,41,46,2,0,5,14,18,46,2,2,22,63,14,17,1,2
20150609,525,0,2015,6,9,21.6,20.2,19.2,96,1006.8,1.4,246,0,9,36,0.7,97,23,17,103,49,54,2,0,5,13,24,50,9,2,29,72,12,32,2,2
20150610,526,0,2015,6,10,25.2,22.7,19.9,95,1004.3,0.8,29,0,11,51,1,55,38,28,84,36,48,0,0,4,11,23,36,10,0,25,59,7,26,0,1
20150611,527,0,2015,6,11,31,26.4,23.2,83,1004.1,1.1,30,14,11,38,1,87,42,29,100,40,60,0,0,4,10,23,54,9,0,26,74,11,26,0,4
20150612,528,0,2015,6,12,33.1,27.1,21.1,70,1006.6,1.6,0,91,13,31,0.9,145,77,41,82,37,45,0,0,3,11,17,44,7,0,19,63,10,20,1,2
20150613,529,1,2015,6,13,28.1,25,22.9,83,1005.4,1.8,3,0,11,30,0.9,79,63,36,84,40,44,0,1,0,6,25,42,10,1,15,68,9,22,0,2
20150614,530,1,2015,6,14,25.3,22.7,21.1,89,1007.7,1.5,67,0,13,41,0.8,76,42,24,82,34,48,2,0,1,13,20,34,12,2,19,61,8,26,0,2
20150615,531,0,2015,6,15,29.5,24.7,21.6,88,1007.1,1.1,16,51,15,43,0.9,144,52,34,88,41,47,0,0,3,7,26,42,10,0,14,74,13,25,0,4
20150616,532,0,2015,6,16,27.9,25.3,23.9,89,1004.8,1.3,2,10,15,39,0.9,131,76,55,90,36,54,1,0,4,5,16,55,9,1,12,77,16,17,0,7
20150617,533,0,2015,6,17,30.8,26.7,23.7,87,1000,1.1,43,0,12,42,0.9,106,71,49,83,35,48,0,0,4,10,19,44,6,0,23,60,10,22,2,2
20150618,534,0,2015,6,18,26.6,21.6,21.1,95,1004.1,2,249,0,10,29,0.7,109,28,19,89,40,49,1,0,4,14,16,43,11,1,25,63,9,25,1,3
20150619,535,0,2015,6,19,26.9,23.4,20.8,80,1008.3,1.8,0,9,14,29,0.7,132,44,31,86,32,54,0,0,1,9,24,47,5,0,19,67,9,25,1,2
20150620,536,1,2015,6,20,28.7,24,20,82,1008.4,1.8,0,41,10,16,0.6,112,30,19,97,52,45,3,1,5,15,19,44,10,4,23,70,8,21,1,0
20150621,537,1,2015,6,21,24.2,22.1,19.6,88,1009.3,1.5,79,0,9,22,0.6,96,29,19,71,32,39,0,0,3,11,17,36,4,0,23,48,8,23,0,1
20150622,538,1,2015,6,22,28.9,23.5,19,91,1006.6,0.3,202,0,11,33,0.8,77,30,20,91,39,52,0,0,0,7,26,53,5,0,18,73,7,24,1,1
20150623,539,0,2015,6,23,31,26.3,22.3,88,1006.7,1.3,34,79,13,43,1,142,56,38,87,31,56,0,0,1,9,34,38,5,0,25,62,11,24,1,4
20150624,540,0,2015,6,24,34.2,28.7,24.5,84,1004.1,0.8,13,63,9,38,0.9,123,46,32,98,48,50,1,2,4,11,24,45,11,2,24,72,10,28,0,5
20150625,541,0,2015,6,25,35.6,31.4,26.6,69,1000.5,2.2,0,73,10,28,0.7,89,36,21,98,41,57,0,0,3,6,22,51,16,0,16,82,16,32,0,4
20150626,542,0,2015,6,26,32.7,28.1,25.3,80,1001,1.7,15,17,10,35,0.9,125,61,40,93,44,49,0,0,4,11,21,49,8,0,24,69,13,30,0,1
20150627,543,1,2015,6,27,29.6,27,24.1,89,1002.5,1.6,0,10,10,39,1.1,155,57,39,97,39,58,1,0,5,10,22,44,15,1,21,75,15,26,2,4
20150628,544,1,2015,6,28,25.4,23.8,22.9,93,1006.3,2.1,3,0,11,29,0.8,82,45,28,89,40,49,0,0,3,16,29,33,8,0,29,60,3,22,1,4
20150629,545,0,2015,6,29,31.8,27,23.4,86,1003.7,1.5,10,13,9,30,0.8,103,34,21,87,31,56,0,0,3,9,20,47,8,0,23,64,8,25,0,3
20150630,546,0,2015,6,30,37.2,30.8,25.3,75,998.6,2.6,12.6,101,11,31,0.9,112,59,39,70,29,41,0,0,2,6,19,33,10,0,19,51,9,15,0,1
20150701,547,0,2015,7,1,28.8,22.6,21.3,94,1001,1.7,245,0,11,38,0.8,78,39,28,98,39,59,1,0,2,19,15,49,12,1,29,68,11,26,1,3
20150702,548,0,2015,7,2,28.3,24.5,21.3,85,1002.2,1.7,27,74,12,28,0.7,171,29,21,79,37,42,0,0,3,14,21,32,9,0,23,56,11,20,0,2
20150703,549,0,2015,7,3,26.7,23.9,21.2,79,1004.9,1.4,0,4,16,34,0.8,120,43,28,74,31,43,0,0,4,14,14,33,9,0,23,51,9,16,1,3
20150704,550,1,2015,7,4,25.4,21.5,19.1,88,1008.6,1.8,124,0,12,36,0.9,120,67,48,69,27,42,0,0,3,9,22,27,8,0,18,51,7,19,0,0
20150705,551,1,2015,7,5,20.2,19,18.4,94,1009.9,2,405,0,10,38,0.7,104,18,13,80,32,48,0,0,4,10,25,32,9,0,22,58,11,20,0,3
20150706,552,0,2015,7,6,19.9,19,18.1,95,1008.4,3,514,0,10,29,0.6,110,18,13,76,31,45,0,1,2,11,23,32,7,1,24,51,8,20,0,1
20150707,553,0,2015,7,7,22.1,20.7,18.8,95,1006.2,3.1,189,0,10,28,0.7,109,17,13,89,41,48,0,0,1,9,25,49,5,0,18,71,6,23,0,6
20150708,554,0,2015,7,8,23.1,21.8,20.7,95,1007.8,2.4,80,0,10,32,0.7,96,28,21,90,44,46,3,0,4,12,30,32,9,3,22,65,11,21,1,3
20150709,555,0,2015,7,9,25.4,23.5,21.9,97,1007.9,1.9,35,0,15,33,0.6,48,37,28,73,28,45,1,0,3,8,20,37,4,1,15,57,7,19,2,5
20150710,556,0,2015,7,10,25.5,24.1,23.3,94,1003.2,5.1,37,0,11,15,0.5,56,31,16,84,39,45,0,0,1,8,22,44,9,0,17,67,14,27,0,6
20150711,557,1,2015,7,11,24.5,24,23.8,97,985.7,8.3,1060,0,8,9,0.6,69,30,15,111,58,53,1,0,3,16,17,56,18,1,26,84,5,33,3,4
20150712,558,1,2015,7,12,30.7,25.4,23.5,87,995.5,2.9,126,20,9,25,0.7,82,21,13,104,43,61,1,0,3,11,25,51,13,1,22,81,5,32,1,2
20150713,559,0,2015,7,13,33.8,27.2,21.8,81,1001.7,1.6,45,72,14,36,0.7,152,48,34,101,35,66,1,0,2,12,19,58,9,1,25,75,15,22,0,4
20150714,560,0,2015,7,14,33.4,27.5,22,79,1002.4,1.7,0,71,14,34,0.8,152,50,34,112,47,65,0,0,3,12,30,59,8,0,26,86,17,30,0,6
20150715,561,0,2015,7,15,32.5,27,21.5,76,1002.2,1.2,0,107,11,21,0.6,117,39,27,95,44,51,3,0,3,12,21,44,12,3,25,67,12,19,0,3
20150716,562,0,2015,7,16,31.4,26.8,22.8,80,1001.4,2.3,0,49,9,16,0.5,86,35,22,99,40,59,2,3,4,13,26,43,8,5,23,71,13,25,1,6
20150717,563,0,2015,7,17,28.9,26.4,24,84,1003,2.3,0,0,9,14,0.5,64,36,22,101,38,63,1,0,4,13,27,39,17,1,26,74,9,35,0,4
20150718,564,1,2015,7,18,31,27.7,25,79,1004.3,3.4,0,76,8,13,0.5,76,32,18,96,47,49,0,0,5,16,27,42,6,0,28,68,17,27,1,3
20150719,565,1,2015,7,19,31,27.4,22.6,78,1005.3,2.3,0,111,12,18,0.5,108,40,22,85,32,53,2,0,3,13,17,44,6,2,22,61,14,29,0,3
20150720,566,0,2015,7,20,31.5,27.6,22.4,81,1005.6,1.6,0,84,12,25,0.6,127,48,29,117,53,64,0,0,5,14,29,52,17,0,31,86,13,24,2,3
20150721,567,0,2015,7,21,28.2,26.3,24.6,93,1005.1,1.3,315,0,8,27,0.7,45,25,14,92,38,54,0,0,3,11,19,45,14,0,21,71,15,32,2,1
20150722,568,0,2015,7,22,32.7,28,25.1,88,1004,1.3,125,43,8,17,0.6,83,26,14,111,47,64,1,0,1,21,24,50,14,1,31,79,15,26,0,1
20150723,569,0,2015,7,23,33.4,28.9,26,80,1004,2.5,397,61,7,20,0.7,98,29,17,102,47,55,0,1,2,10,22,57,10,0,23,79,16,26,1,3
20150724,570,0,2015,7,24,33.6,28.8,25.3,83,1003.7,1.6,1,58,8,21,0.6,93,32,19,110,52,58,1,1,4,11,31,54,8,2,31,77,10,28,4,4
20150725,571,1,2015,7,25,34.8,29.1,26,83,1003.4,1.4,21,73,9,31,0.8,132,47,28,93,37,56,0,0,5,15,25,40,8,0,29,64,8,25,2,5
20150726,572,1,2015,7,26,35.3,29.6,26.2,84,1005.6,1.2,18,82,9,34,0.9,158,54,35,118,40,78,1,0,3,11,27,58,18,1,29,88,18,31,2,5
20150727,573,0,2015,7,27,36.9,30.9,25.6,75,1007.8,1.9,22,115,9,27,0.8,158,50,32,98,47,51,0,0,2,9,27,51,9,0,23,75,12,23,0,3
20150728,574,0,2015,7,28,36.7,30.6,26.3,75,1008.2,1.8,2,85,11,40,0.9,126,57,34,110,45,65,2,0,2,14,31,55,6,2,25,83,12,40,1,1
20150729,575,0,2015,7,29,36.7,31,25.5,66,1007.8,2.1,0,113,12,31,0.8,176,53,30,102,44,58,1,0,2,12,24,51,12,1,25,76,13,24,0,3
20150730,576,0,2015,7,30,35.8,30.6,23.8,62,1008.2,1.9,0,125,12,26,0.7,134,47,23,99,46,53,0,0,2,16,27,38,16,0,31,68,18,30,0,2
20150731,577,0,2015,7,31,36.8,30.9,26.1,65,1008.2,2.2,0,113,13,28,0.8,157,55,31,91,46,45,0,0,5,11,19,38,18,0,23,68,13,29,1,5
20150801,578,1,2015,8,1,36.9,30,25.3,75,1008.7,2.2,8,89,11,29,0.8,156,68,38,131,55,76,0,1,6,11,30,67,16,0,27,104,14,49,0,2
20150802,579,1,2015,8,2,37.1,30.8,25.7,72,1009,1.8,0,115,11,18,0.7,137,47,28,124,56,68,1,0,2,14,27,60,20,1,26,97,17,44,2,5
20150803,580,0,2015,8,3,36.8,30.8,25.3,65,1007.9,1.9,0,125,11,17,0.7,129,38,24,114,55,59,0,1,4,11,27,54,17,1,25,88,22,27,1,3
20150804,581,0,2015,8,4,37.7,30.5,25.9,67,1006.2,2.5,0,117,11,18,0.7,151,47,27,111,59,52,1,0,1,12,23,63,11,1,20,90,18,29,2,5
20150805,582,0,2015,8,5,37.4,30.3,25.3,64,1005.6,2.3,0,123,10,16,0.6,97,39,22,110,43,67,1,1,6,11,23,59,9,2,25,83,16,30,0,6
20150806,583,0,2015,8,6,34.2,29.7,25.1,69,1007.2,2.9,0,122,9,13,0.6,57,35,20,110,54,56,1,1,2,11,36,43,16,1,26,83,20,36,0,1
20150807,584,0,2015,8,7,32.9,28.8,26,83,1008.6,2.7,0,86,11,17,0.7,33,30,14,92,47,45,0,1,1,9,23,52,6,0,18,74,18,23,1,4
20150808,585,1,2015,8,8,31.3,29.3,28.2,78,1007.3,3.8,1,17,10,12,0.7,30,28,10,100,44,56,2,0,2,15,23,49,9,2,25,73,18,25,1,3
20150809,586,1,2015,8,9,31.4,28.5,25.8,83,1005.1,4.1,170,17,7,9,0.6,43,25,10,99,35,64,1,0,1,15,23,44,15,1,25,73,16,29,1,2
20150810,587,0,2015,8,10,28.9,27.5,26.1,86,1004.4,3.1,179,0,7,12,0.6,68,27,16,110,45,65,0,0,4,21,21,49,15,0,32,78,15,27,2,1
20150811,588,0,2015,8,11,30.6,27.5,26.1,79,1003.8,2.5,1,0,11,22,0.7,95,34,21,100,44,56,0,1,4,15,28,48,4,0,27,73,8,37,0,4
20150812,589,0,2015,8,12,31.2,27.2,23.5,72,1007.6,1.9,0,105,17,27,0.7,153,40,23,99,45,54,0,0,4,11,25,47,12,0,24,75,13,20,2,5
20150813,590,0,2015,8,13,28.6,26.4,25.2,80,1007.5,1.3,4,6,11,26,0.8,108,46,32,85,36,49,1,0,3,9,19,40,13,1,19,65,8,26,1,4
20150814,591,0,2015,8,14,27.9,25.6,23.5,80,1006.2,1.6,0,0,12,27,0.7,77,37,26,88,39,49,1,0,5,13,10,46,13,1,22,65,15,31,0,4
20150815,592,1,2015,8,15,31.5,28.2,24.1,81,1005.2,1.4,1,96,14,32,0.8,142,43,27,106,39,67,2,0,2,13,19,61,9,2,21,83,15,32,3,5
20150816,593,1,2015,8,16,29.1,25,23.6,96,1005,0.6,237,4,14,40,0.9,79,37,26,127,58,69,0,0,4,13,41,59,10,0,31,96,8,38,1,3
20150817,594,0,2015,8,17,30.4,26.7,23.6,82,1007.4,2.1,6,85,16,31,0.9,131,48,34,93,39,54,1,0,4,7,26,44,11,1,21,71,12,27,0,3
20150818,595,0,2015,8,18,30.5,26.4,21.7,83,1009.1,1.7,0,87,14,26,0.9,126,53,37,100,53,47,1,0,3,13,17,55,11,1,25,74,9,27,2,2
20150819,596,0,2015,8,19,32.4,27.6,22.9,79,1009.4,1.2,0,99,11,20,0.7,107,34,22,97,39,58,4,0,0,10,21,55,7,4,18,75,7,29,1,4
20150820,597,0,2015,8,20,35.5,29.7,25.4,76,1006.2,2.1,0,91,10,16,0.7,92,27,17,104,53,51,0,0,6,9,24,48,17,0,22,82,16,22,0,1
20150821,598,0,2015,8,21,28.3,25.7,24.6,92,1005.8,1.4,277,0,14,29,0.9,86,35,25,112,51,61,0,0,4,13,25,59,11,0,25,87,17,36,1,1
20150822,599,1,2015,8,22,30.2,25.7,23.8,93,1004.5,1.3,471,32,12,31,0.7,89,28,17,108,48,60,0,0,2,8,35,46,17,0,25,83,14,33,1,3
20150823,600,1,2015,8,23,27.5,25.8,23.9,95,1002.5,1.7,74,0,12,26,0.7,51,21,15,80,38,42,1,0,1,9,17,36,16,1,18,61,12,22,1,1
20150824,601,0,2015,8,24,27.5,24.7,23.4,94,1000.3,3.5,278,6,11,22,0.7,87,18,11,98,36,62,0,0,1,13,28,50,6,0,24,74,8,30,2,0
20150825,602,0,2015,8,25,29.4,25.3,22.9,77,1004.9,2.5,0,61,17,33,0.9,144,49,33,104,41,63,1,1,4,10,24,55,9,2,24,78,13,32,1,5
20150826,603,0,2015,8,26,29.1,25,21.6,82,1009,1.5,0,22,21,42,1.1,167,101,73,103,50,53,0,0,6,6,27,49,15,0,24,79,10,31,0,3
20150827,604,0,2015,8,27,32.3,26.5,22.8,81,1009,1.6,48,70,11,26,0.9,156,52,38,101,43,58,2,0,2,14,31,38,14,2,27,72,23,22,2,4
20150828,605,0,2015,8,28,30.4,25.1,22.1,88,1008.2,0.9,30,37,17,39,1,184,70,53,81,34,47,0,1,1,11,24,33,11,1,16,64,13,14,1,3
20150829,606,1,2015,8,29,30.2,25.7,22.6,79,1007.4,1.3,2,40,12,27,0.8,155,49,37,83,31,52,0,0,1,12,29,29,12,0,19,64,11,16,0,2
20150830,607,1,2015,8,30,29.2,25.1,22.1,85,1008.6,1.2,0,28,15,32,0.9,149,53,36,119,49,70,0,0,1,12,34,60,12,0,23,96,16,39,0,4
20150831,608,0,2015,8,31,29.9,24.9,20.2,85,1009.2,1.3,0,100,13,33,0.9,150,56,38,104,43,61,0,2,9,9,29,45,10,1,29,74,13,29,0,3
20150901,609,0,2015,9,1,32.8,26.3,20.8,78,1008.8,1.4,0,88,11,24,0.9,142,52,35,113,44,69,0,0,3,18,24,56,12,0,34,79,11,38,1,4
20150902,610,0,2015,9,2,30.8,24.9,22.4,91,1010.7,1.3,78,27,15,34,1,168,77,58,93,45,48,1,0,1,10,25,46,10,1,20,72,14,31,0,2
20150903,611,0,2015,9,3,29.9,26,22.2,81,1013.2,1.6,0,79,21,34,1.2,232,86,64,90,41,49,0,1,3,8,21,49,8,1,20,69,8,26,1,7
20150904,612,0,2015,9,4,30.3,26.9,22.9,80,1012.2,1.9,0,0,13,18,1,190,82,62,101,50,51,1,1,1,12,25,54,7,2,23,76,8,26,0,3
20150905,613,1,2015,9,5,31.8,27,24.7,86,1005.7,2,122,16,12,22,0.9,87,39,27,87,39,48,0,0,4,9,19,44,11,0,21,66,12,21,0,2
20150906,614,1,2015,9,6,30.5,26.2,23.6,78,1006.4,2.7,0,77,17,26,1,168,52,37,98,39,59,1,0,3,6,25,53,10,1,19,78,17,22,3,4
20150907,615,0,2015,9,7,28.9,25.3,22.4,81,1009.5,2,15,65,12,23,0.7,143,28,16,95,43,52,1,0,1,10,21,41,21,1,19,75,14,31,0,2
20150908,616,0,2015,9,8,28.6,24.5,20.7,80,1012.4,2.3,3,96,13,28,0.7,127,34,19,90,36,54,0,0,4,9,25,43,9,0,26,64,10,31,1,3
20150909,617,0,2015,9,9,27.8,24.3,20.6,68,1014.7,2.3,0,99,14,31,0.7,152,37,20,77,31,46,2,0,0,9,26,33,7,2,22,53,11,21,0,4
20150910,618,0,2015,9,10,27.6,22,17,78,1015.2,1.8,0,112,17,41,0.8,163,43,26,86,37,49,2,0,2,11,16,43,12,2,18,66,10,27,0,2
20150911,619,0,2015,9,11,29,22.5,16.8,79,1012.2,1.3,0,109,18,44,0.8,201,56,34,90,35,55,0,0,3,11,25,46,5,0,22,68,9,28,0,4
20150912,620,1,2015,9,12,25.4,21.7,19.3,82,1014.7,1.4,31,0,20,49,1,89,84,53,97,40,57,1,0,1,9,25,45,16,1,20,76,11,31,1,3
20150913,621,1,2015,9,13,26.2,21.8,15.4,66,1018.4,2.2,0,58,20,34,0.9,152,61,35,97,41,56,0,0,1,8,26,52,10,0,19,78,12,30,1,3
20150914,622,0,2015,9,14,24.7,20.9,18,85,1018,0.9,49,0,18,68,1,52,76,47,94,45,49,1,0,2,11,26,37,17,1,17,76,10,28,1,0
20150915,623,0,2015,9,15,20.7,19.5,18.8,96,1016.6,0.6,320,0,10,58,0.9,63,33,24,109,48,61,1,0,6,7,17,64,14,1,19,89,16,39,2,1
20150916,624,0,2015,9,16,24.6,21.7,19.3,88,1015.1,1.5,37,0,15,37,0.8,104,38,26,108,55,53,1,0,2,14,27,48,16,1,20,87,12,31,1,1
20150917,625,0,2015,9,17,27,23.3,19.4,78,1017,1.6,15,92,14,40,0.8,162,42,26,86,38,48,0,0,3,13,19,43,8,0,26,60,10,20,1,5
20150918,626,0,2015,9,18,26.7,22.2,17.8,81,1016.5,1,0,51,17,51,0.9,147,62,39,92,36,56,0,0,1,9,26,45,11,0,19,73,16,24,1,7
20150919,627,1,2015,9,19,26.6,21.4,18,82,1014.1,1.1,0,38,17,53,0.8,130,62,37,101,51,50,0,0,2,14,24,53,8,0,26,75,11,39,3,3
20150920,628,1,2015,9,20,25.5,21.7,17.7,84,1012.6,0.8,134,0,18,49,0.9,116,70,42,91,28,63,0,1,3,10,27,40,10,1,20,70,10,26,0,0
20150921,629,0,2015,9,21,27.2,23.3,20.3,79,1012.6,1.8,0,36,16,42,0.8,112,55,35,102,41,61,2,1,3,8,21,52,15,3,20,79,10,29,2,0
20150922,630,0,2015,9,22,24.5,22.5,21.3,88,1012.1,1.4,11,0,12,36,0.8,87,43,27,105,50,55,0,0,5,14,23,50,13,0,25,80,13,32,0,7
20150923,631,0,2015,9,23,25.4,23,21.9,90,1007.8,1.7,101,6,13,42,1,58,43,32,98,35,63,1,1,2,10,29,44,11,2,25,71,12,22,1,1
20150924,632,0,2015,9,24,27.3,24,21.1,82,1007.5,1.9,0,72,20,36,0.9,124,44,29,87,38,49,0,0,3,13,23,43,5,0,23,64,11,29,2,0
20150925,633,0,2015,9,25,25.4,22.7,20.6,88,1007.2,1,2,0,17,52,0.9,90,63,40,93,38,55,2,0,2,9,24,45,11,2,19,72,12,19,0,5
20150926,634,1,2015,9,26,26.9,23.4,21.6,84,1010.8,2.7,3,59,12,28,0.7,128,44,28,94,49,45,1,0,1,17,21,39,15,1,27,66,14,21,2,2
20150927,635,1,2015,9,27,26,23.6,21.4,72,1012.3,3.5,0,88,13,24,0.7,140,45,27,88,41,47,0,0,5,10,16,53,4,0,19,69,13,25,1,2
20150928,636,0,2015,9,28,24.2,23.9,23,88,1012.2,3.6,59,0,11,25,0.7,97,41,22,92,33,59,1,0,2,13,21,48,7,1,25,66,9,32,0,2
20150929,637,0,2015,9,29,27,25.4,24.2,95,1013,2.8,530,0,10,21,0.8,58,26,15,92,42,50,1,0,4,19,21,41,6,1,29,62,12,23,2,4
20150930,638,0,2015,9,30,29.3,26.5,24.5,90,1012.6,2.8,2762,0,8,14,0.7,56,23,17,105,39,66,2,1,4,10,23,53,12,3,23,79,10,31,1,1
20160501,852,1,2016,5,1,29.4,21.4,11.2,68,1010.6,3.1,0,99,10,23,0.6,147,57,35,131,58,73,0,0,2,11,31,77,10,0,21,110,15,40,2,6
20160502,853,1,2016,5,2,26,23.3,20.6,81,1006.2,2.7,175,0,7,23,0.6,104,46,32,114,51,63,1,0,6,12,23,50,22,1,24,89,16,40,2,0
20160503,854,0,2016,5,3,26.9,21.9,18.2,60,1007.6,3.3,179,87,12,32,0.6,146,72,26,107,51,56,0,0,2,13,24,55,13,0,24,83,12,33,1,5
20160504,855,0,2016,5,4,29.4,22,13.2,71,1012.1,2.3,0,104,13,31,0.6,154,95,39,99,57,42,1,0,2,12,17,52,15,1,20,78,9,32,2,2
20160505,856,0,2016,5,5,28,23.2,20.6,89,1008.2,2.1,209,0,7,25,0.6,91,41,21,104,47,57,0,0,4,8,28,59,5,0,22,82,10,33,0,2
20160506,857,0,2016,5,6,29.1,23.8,19.6,90,1007.5,0.7,99,30,13,44,0.8,175,59,45,121,59,62,1,0,4,11,31,59,15,1,30,90,18,34,2,2
20160507,858,1,2016,5,7,23.1,16.8,14.2,92,1013.9,2.5,44,0,10,39,0.8,89,111,50,89,37,52,0,0,0,16,24,33,16,0,27,62,8,27,4,1
20160508,859,1,2016,5,8,16.9,15,12.5,96,1013.7,1.1,186,0,9,46,0.7,87,81,42,96,44,52,0,0,3,8,26,45,14,0,16,80,12,32,2,7
20160509,860,0,2016,5,9,20.7,18,16,95,1010.2,1.4,3,0,15,52,0.9,61,75,49,84,38,46,0,0,3,9,28,38,6,0,24,60,9,23,1,2
20160510,861,0,2016,5,10,20.6,17.9,15.4,85,1008.6,2.6,220,19,11,39,0.7,133,44,31,92,45,47,0,0,3,6,16,56,11,0,15,77,18,21,2,3
20160511,862,0,2016,5,11,23.5,18.5,12,76,1011.6,1.5,0,89,18,44,0.9,215,84,55,100,36,64,0,0,7,8,27,44,14,0,23,77,13,25,0,4
20160512,863,0,2016,5,12,28.5,21.3,14.5,67,1010.7,2.5,0,105,11,24,0.6,161,55,32,92,41,51,1,0,2,11,19,46,13,1,22,69,9,33,0,1
20160513,864,0,2016,5,13,22,19,16,87,1017.3,2.1,0,6,12,35,0.7,146,84,53,86,36,50,1,1,3,9,22,41,9,2,17,67,9,28,0,2
20160514,865,1,2016,5,14,26.6,21.3,14.5,83,1017.6,1.9,0,54,10,26,0.7,96,54,34,102,47,55,1,0,1,16,27,48,9,1,24,77,11,30,3,5
20160515,866,1,2016,5,15,30.8,20.8,15.7,85,1012.1,2.8,465,60,9,25,0.8,78,37,23,82,33,49,0,0,2,10,11,49,10,0,17,65,18,30,0,0
20160516,867,0,2016,5,16,22.7,17.9,15,61,1016.2,3.1,43,78,13,40,0.8,139,38,23,89,38,51,1,1,3,12,21,37,14,2,24,63,12,24,2,2
20160517,868,0,2016,5,17,25.2,17.5,8,54,1016.7,2.1,0,116,14,45,0.6,132,40,22,80,42,38,0,0,1,7,27,36,9,0,21,59,9,19,2,2
20160518,869,0,2016,5,18,23,17.9,9.3,62,1016,0.7,0,16,15,49,0.7,148,57,31,88,44,44,1,0,1,9,25,39,13,1,17,70,8,30,1,2
20160519,870,0,2016,5,19,25.9,20.4,15.9,75,1013.1,2.6,0,48,15,30,0.7,136,62,36,77,33,44,0,0,1,11,18,38,9,0,18,59,11,23,0,1
20160520,871,0,2016,5,20,20.5,18.9,18.1,95,1011.5,1.9,595,0,8,41,0.7,89,30,21,80,37,43,0,0,0,8,21,43,8,0,14,66,9,25,0,5
20160521,872,1,2016,5,21,22.8,20.8,18.7,98,1009.9,0.4,128,0,9,43,0.8,50,37,28,94,43,51,0,0,4,6,31,40,13,0,21,73,12,29,0,2
20160522,873,1,2016,5,22,24.2,21.8,20.6,88,1011.7,1.8,9,3,10,35,0.8,112,56,44,101,44,57,0,0,2,9,22,53,15,0,16,85,16,37,0,3
20160523,874,0,2016,5,23,25.8,21.9,17.9,81,1010.7,1,0,69,19,38,1,214,92,69,91,34,57,1,0,6,6,27,42,9,1,20,70,9,27,3,6
20160524,875,0,2016,5,24,23.4,21.2,19.6,88,1009.6,0.7,12,0,13,40,1,115,89,71,97,46,51,1,0,1,17,22,44,12,1,28,68,15,24,2,4
20160525,876,0,2016,5,25,29.6,23.8,19.6,83,1008.7,1.8,20,45,9,25,1,126,44,34,96,35,61,1,1,1,10,20,51,12,2,18,76,12,23,1,1
20160526,877,0,2016,5,26,25,23.4,21.6,94,1008.8,1,94,0,9,48,1.1,68,56,48,110,45,65,0,1,1,7,23,58,20,1,20,89,22,26,2,6
20160527,878,0,2016,5,27,24.3,22.2,21.2,96,1009.3,2,17,0,15,51,1.2,79,97,79,94,40,54,0,0,4,8,23,44,15,0,23,71,8,31,0,3
20160528,879,1,2016,5,28,24.7,21.9,20.9,98,1006.5,1.1,449,0,15,58,1.1,58,82,55,78,28,50,0,0,3,9,21,35,10,0,16,62,9,23,0,1
20160529,880,1,2016,5,29,22,21.3,20.9,94,1005.8,2.1,1016,0,11,45,1.1,106,52,44,105,36,69,1,0,4,13,31,45,11,1,25,79,16,35,1,0
20160530,881,0,2016,5,30,24.1,21.7,20,88,1009,0.9,0,0,15,42,1.2,96,94,74,89,41,48,0,0,3,10,30,39,7,0,23,66,11,18,2,1
20160531,882,0,2016,5,31,30.4,25.2,20.3,85,1006.3,1.3,6,78,11,33,0.9,140,45,33,67,31,36,0,0,4,10,18,31,4,0,23,44,10,18,1,4
20160601,883,0,2016,6,1,25.5,20.9,18.7,97,1003.8,2.6,381,0,8,35,0.8,118,31,24,112,39,73,0,0,1,11,29,54,17,0,25,87,13,41,3,4
20160602,884,0,2016,6,2,23.7,20.8,18.6,83,1008.8,1.7,0,0,13,33,0.6,121,46,29,93,35,58,0,0,3,6,25,48,11,0,20,73,6,37,0,3
20160603,885,0,2016,6,3,22.2,21,19.9,96,1005.5,0.7,181,0,8,44,0.7,75,32,20,93,36,57,0,0,1,12,23,46,11,0,19,74,13,27,2,3
20160604,886,1,2016,6,4,25.7,22.5,20.5,83,1005.8,2.6,3,30,12,33,0.8,119,38,27,101,48,53,0,0,3,12,31,43,12,0,25,76,14,33,1,7
20160605,887,1,2016,6,5,24.6,22,17.4,78,1010.6,2,0,79,14,26,0.6,145,41,27,89,36,53,1,0,3,7,21,44,13,1,16,72,11,34,0,1
20160606,888,0,2016,6,6,29.6,24.1,20.7,79,1009.2,2.6,0,99,8,17,0.5,134,35,24,86,30,56,0,0,2,13,21,43,7,0,25,61,18,21,1,1
20160607,889,0,2016,6,7,29.5,24.9,20.9,84,1008.4,2.4,0,89,9,20,0.7,132,41,29,89,33,56,2,0,3,10,23,43,8,2,24,63,9,26,1,7
20160608,890,0,2016,6,8,30.2,24.9,20.9,87,1007.7,1,501,25,8,30,0.7,96,39,27,85,28,57,1,0,6,8,21,39,10,1,25,59,8,25,0,3
20160609,891,1,2016,6,9,25.8,23.5,21,90,1009.1,1.7,16,0,11,25,0.7,96,38,27,84,36,48,1,0,2,8,24,40,9,1,18,65,6,24,2,2
20160610,892,1,2016,6,10,29.7,25.1,21.8,83,1008.6,2.6,0,104,7,11,0.6,87,29,18,106,44,62,0,0,3,15,26,47,15,0,30,76,11,28,0,1
20160611,893,1,2016,6,11,28.1,25.7,23.6,87,1006.7,0.7,2,0,12,31,0.7,53,42,26,88,40,48,0,0,0,9,20,50,9,0,18,70,9,35,1,2
20160612,894,0,2016,6,12,26.1,22.9,20.9,96,1003.4,2.6,258,0,9,26,0.6,72,29,18,89,38,51,0,0,0,15,19,41,14,0,24,65,11,24,1,1
20160613,895,0,2016,6,13,26.7,22.7,20.6,92,1003.5,2.2,70,63,9,26,0.6,114,23,17,83,24,59,1,0,3,13,19,37,10,1,21,61,9,25,1,0
20160614,896,0,2016,6,14,31.6,25.7,19.3,83,1002.4,1.8,0,121,8,20,0.6,119,33,23,91,39,52,1,0,6,11,21,46,6,1,26,64,9,28,1,3
20160615,897,0,2016,6,15,34.2,26.4,21.9,82,1000.6,1.4,13,51,10,33,0.7,132,44,29,90,37,53,0,0,3,11,26,34,16,0,22,68,12,29,1,2
20160616,898,0,2016,6,16,23.2,22,21.2,95,1005.3,0.8,154,0,9,37,0.9,89,55,40,89,39,50,1,0,3,12,24,42,7,1,26,62,11,28,1,3
20160617,899,0,2016,6,17,29,24.1,19.8,82,1008.1,2.2,0,80,10,23,0.8,123,34,22,100,40,60,3,0,5,12,20,47,13,3,24,73,9,30,1,4
20160618,900,1,2016,6,18,28.2,25,22.2,86,1008.3,1.9,4,1,10,26,0.7,66,24,14,87,42,45,0,1,3,11,27,36,9,1,22,64,8,35,0,2
20160619,901,1,2016,6,19,29.5,26.7,24.1,83,1008,1.7,18,0,10,30,0.7,47,31,18,102,43,59,0,1,4,15,30,42,10,0,30,72,8,30,1,3
20160620,902,0,2016,6,20,30.5,26.5,23.2,90,1006.2,1.7,122,7,11,39,0.8,136,61,42,97,46,51,1,2,1,14,22,49,8,3,21,73,8,35,0,2
20160621,903,0,2016,6,21,37.6,29.4,23.2,81,1005.1,0.7,2,54,10,41,0.8,109,44,24,98,44,54,0,0,3,18,23,44,10,0,30,68,14,20,1,2
20160622,904,0,2016,6,22,36.8,29.6,26.7,79,1004.6,1.9,6,70,9,36,0.8,111,50,28,106,45,61,1,1,0,10,33,55,6,1,26,79,11,33,2,2
20160623,905,0,2016,6,23,36.4,30.3,25.5,77,1003.9,1.5,0,65,11,39,0.8,163,59,38,124,45,79,0,0,3,12,30,61,18,0,25,99,14,30,1,5
20160624,906,0,2016,6,24,36.7,30.6,23.9,69,1003.4,2.9,1,79,10,26,0.6,119,45,25,115,49,66,2,0,5,12,27,58,11,2,28,85,9,41,0,1
20160625,907,1,2016,6,25,24.1,21.2,20.3,93,1010.5,1.5,233,0,9,35,0.7,105,38,25,96,43,53,0,0,2,3,33,48,10,0,20,76,12,30,0,3
20160626,908,1,2016,6,26,20.9,19.8,18.4,98,1011.5,1.2,463,0,8,35,0.7,93,19,13,78,31,47,0,0,2,11,19,40,6,0,26,52,9,18,1,3
20160627,909,0,2016,6,27,30.9,24.5,20.2,90,1007.2,1,8,28,10,30,0.7,117,36,27,104,49,55,1,0,3,9,29,49,13,1,19,84,9,34,0,5
20160628,910,0,2016,6,28,29.9,25.3,23.2,93,1007.8,1.4,5,13,12,58,1,176,79,60,87,32,55,0,0,4,17,28,27,11,0,31,56,10,21,0,2
20160629,911,0,2016,6,29,25.3,23.9,22.3,96,1010.4,2,529,0,7,27,0.6,47,15,8,74,28,46,1,0,2,7,24,34,6,1,16,57,5,22,2,3
20160630,912,0,2016,6,30,34.9,28.6,22.2,77,1009,2.2,0,97,9,20,0.5,92,20,10,79,37,42,0,0,3,8,20,40,8,0,19,60,8,25,0,3
20160701,913,0,2016,7,1,34.5,30.3,27.1,74,1005.1,3.5,0,54,8,15,0.5,90,29,18,98,48,50,1,0,2,9,28,43,15,1,16,81,13,31,1,2
20160702,914,1,2016,7,2,32.3,28.3,24.3,84,1005.8,2.2,537,29,9,26,0.6,132,37,24,88,42,46,0,0,1,10,33,35,9,0,23,65,15,18,1,4
20160703,915,1,2016,7,3,34.3,28.4,23.7,87,1005.6,1.3,5,0,8,29,0.6,76,37,22,95,35,60,0,0,6,6,23,51,9,0,23,72,11,26,0,5
20160704,916,0,2016,7,4,35.3,30.4,27,75,1005.7,3,0,115,7,13,0.5,91,30,17,102,54,48,0,0,0,12,23,55,12,0,21,81,11,33,1,4
20160705,917,0,2016,7,5,36.2,30.4,26.6,70,1008.9,3.1,0,107,8,16,0.5,85,22,12,99,46,53,0,0,0,14,30,43,12,0,23,76,13,25,1,5
20160706,918,0,2016,7,6,33.4,29.8,25.2,77,1011.4,2.6,0,104,7,12,0.5,56,23,10,90,42,48,0,0,4,8,27,40,11,0,19,71,10,28,2,3
20160707,919,0,2016,7,7,33.8,29.3,25.5,80,1009.4,2.3,0,82,8,14,0.5,42,21,9,89,35,54,1,1,4,9,32,30,12,2,27,60,8,26,2,1
20160708,920,0,2016,7,8,30.5,27.9,25.8,86,1005.7,2.9,0,100,10,20,0.5,65,25,11,88,33,55,0,1,4,11,27,37,8,1,26,61,9,23,0,5
20160709,921,1,2016,7,9,28.8,26.8,26,95,1003.2,1.9,226,0,8,27,0.6,21,27,14,81,35,46,1,1,1,7,28,35,8,2,15,64,9,25,1,2
20160710,922,1,2016,7,10,28.3,27,25.4,96,1000.7,1.7,964,8,7,28,0.7,48,27,18,77,40,37,0,0,4,10,23,27,13,0,22,55,6,18,0,1
20160711,923,0,2016,7,11,31.5,28.5,25.7,87,1000.3,1.4,3,0,7,16,0.7,81,27,18,97,35,62,0,0,4,9,29,46,9,0,27,70,10,30,1,7
20160712,924,0,2016,7,12,33.1,28.1,27,89,1000.1,1.1,313,19,8,18,0.7,90,28,17,88,40,48,0,0,2,10,17,42,17,0,18,70,7,20,2,5
20160713,925,0,2016,7,13,35.6,29.8,26.6,84,1001,0.7,4,70,7,27,0.7,95,31,18,99,44,55,0,0,2,14,31,40,12,0,29,70,11,33,0,1
20160714,926,0,2016,7,14,34.7,29.5,27.2,90,1002.5,0.7,195,39,8,41,0.9,97,40,23,63,26,37,0,0,2,6,16,33,6,0,16,47,8,19,1,0
20160715,927,0,2016,7,15,36.1,31.3,26.2,77,1000.4,1.1,5,79,9,31,0.8,112,43,24,93,31,62,0,0,5,21,28,34,5,0,34,59,10,28,1,2
20160716,928,1,2016,7,16,31.8,27.4,26.1,87,1003.3,1.6,1,0,10,35,0.9,90,64,39,83,43,40,0,0,1,11,26,38,7,0,21,62,10,18,0,5
20160717,929,1,2016,7,17,32.1,28.4,24.9,84,1007,1.7,0,56,9,23,0.9,123,47,33,80,29,51,0,0,2,13,15,43,7,0,21,59,7,22,1,3
20160718,930,0,2016,7,18,32.5,28.4,25.3,87,1005.6,1.8,10,47,9,22,0.7,106,36,24,81,32,49,0,0,3,14,16,41,7,0,20,61,13,25,1,4
20160719,931,0,2016,7,19,34.6,28.9,24.3,81,1005.1,1.2,890,80,9,21,0.6,107,32,20,89,38,51,0,0,1,14,22,41,11,0,20,69,14,24,0,3
20160720,932,0,2016,7,20,36.8,30.9,24.6,77,1004.8,2.5,0,118,10,20,0.7,127,44,28,91,34,57,2,2,2,15,20,39,11,4,26,61,13,19,2,3
20160721,933,0,2016,7,21,37.7,31.9,27.1,71,1006.3,2,0,117,11,26,0.7,144,47,27,86,33,53,0,0,1,10,18,45,12,0,17,69,8,32,0,2
20160722,934,0,2016,7,22,37,31.8,26.7,75,1006.3,1.5,0,80,11,34,0.7,177,60,36,124,64,60,1,0,2,10,33,66,12,1,21,102,19,32,2,8
20160723,935,1,2016,7,23,37.4,31.2,26,73,1006.1,2.2,0,92,12,33,0.8,159,61,37,115,45,70,0,0,3,20,28,48,16,0,32,83,16,28,1,1
20160724,936,1,2016,7,24,36.4,31.2,27.1,76,1007.3,2.1,0,112,9,14,0.7,150,53,34,88,33,55,0,0,1,14,25,39,9,0,20,68,8,21,0,6
20160725,937,0,2016,7,25,35.7,30.4,26.4,72,1007.8,2.9,0,123,9,13,0.6,106,32,19,84,44,40,1,0,3,7,21,41,11,1,18,65,11,19,0,7
20160726,938,0,2016,7,26,37.3,31.1,26.9,75,1005.7,2.5,0,101,10,18,0.6,144,37,24,95,36,59,0,0,2,9,26,45,13,0,20,75,12,31,1,3
20160727,939,0,2016,7,27,38.2,31.5,27.5,74,1004.8,1.9,8,84,11,32,0.7,183,56,35,90,36,54,0,0,3,14,18,43,12,0,21,69,13,27,1,2
20160728,940,0,2016,7,28,37.5,29.8,25.8,75,1005.6,1,169,63,12,54,0.9,167,71,46,108,55,53,1,1,3,10,23,56,14,1,20,87,21,36,2,1
20160729,941,0,2016,7,29,36.9,31.1,26.2,77,1006.5,1.9,0,92,9,35,0.9,189,77,52,102,40,62,1,0,4,8,30,45,14,1,20,81,7,32,0,2
20160730,942,1,2016,7,30,34.9,30.5,25.8,76,1007.7,2.8,0,115,8,14,0.6,121,50,34,110,47,63,0,0,4,18,21,53,14,0,31,79,18,40,0,2
20160731,943,1,2016,7,31,34.4,30.4,25.5,73,1008.1,2.6,0,106,8,12,0.4,61,24,11,75,41,34,0,0,1,8,17,41,8,0,17,58,8,26,3,3
20160801,944,0,2016,8,1,34.6,30.5,25.2,76,1006.8,2.7,19,98,9,13,0.5,63,27,11,106,46,60,0,0,3,13,25,53,12,0,28,78,15,31,0,3
20160802,945,0,2016,8,2,34.6,29.5,27.1,84,1006.1,2.2,14,68,8,14,0.5,54,28,13,93,41,52,0,1,6,6,25,44,11,0,23,70,8,29,0,3
20160803,946,0,2016,8,3,32.8,26.2,24.5,93,1007.2,2,308,20,8,31,0.6,68,28,14,82,30,52,0,0,3,12,22,36,9,0,20,62,16,18,0,2
20160804,947,0,2016,8,4,32.8,28.3,24.7,87,1007.4,1.7,1,75,11,29,0.7,173,44,30,75,36,39,0,1,1,9,18,37,9,1,17,57,14,27,1,0
20160805,948,0,2016,8,5,33.7,29.1,26.1,85,1006.8,1.9,0,78,12,29,0.7,160,50,38,68,21,47,0,0,1,14,21,29,3,0,22,46,13,19,0,1
20160806,949,1,2016,8,6,33.6,28.6,26.1,87,1004.5,1.6,39,52,10,24,0.6,79,38,25,97,47,50,1,0,4,9,22,47,14,1,24,72,9,34,1,0
20160807,950,1,2016,8,7,34,28.9,24.9,80,1003.5,1.9,0,109,10,19,0.5,73,23,11,89,34,55,1,0,3,14,15,46,10,1,19,69,12,31,0,2
20160808,951,0,2016,8,8,32.5,28.9,24.6,78,1004,2,0,92,12,23,0.6,76,23,9,82,36,46,0,1,2,11,19,44,5,1,19,62,13,25,0,2
20160809,952,0,2016,8,9,31.1,28.4,26.2,89,1003.3,2.8,208,16,9,24,0.7,35,21,10,95,41,54,1,0,4,15,22,41,12,1,24,70,8,18,2,3
20160810,953,0,2016,8,10,34.4,30.1,26,81,1005.5,1.7,49,90,8,19,0.6,52,22,10,120,49,71,0,0,3,16,34,50,17,0,32,88,14,43,0,7
20160811,954,0,2016,8,11,32.9,29.2,25.9,84,1006.9,2.3,0,38,10,20,0.7,50,29,14,82,38,44,1,1,2,5,24,38,11,2,16,64,9,17,2,1
20160812,955,0,2016,8,12,34.5,30.8,26.5,78,1005.7,2.3,0,101,9,18,0.6,59,22,10,76,30,46,0,0,0,5,23,44,4,0,13,63,6,27,0,5
20160813,956,1,2016,8,13,34.3,29.8,26.2,81,1004.8,1.7,0,93,9,14,0.6,39,23,10,111,57,54,0,2,1,22,29,48,9,2,36,73,15,31,0,3
20160814,957,1,2016,8,14,34.3,29.6,24.5,78,1004.1,2.1,0,113,9,14,0.5,71,23,10,109,51,58,0,1,3,7,28,53,17,1,21,87,18,26,1,6
20160815,958,0,2016,8,15,34.9,30.3,25.2,78,1002.5,2.1,0,94,9,15,0.6,80,24,11,118,47,71,1,0,2,15,22,65,13,1,31,86,13,29,2,4
20160816,959,0,2016,8,16,34.9,30.6,26.6,75,1001.9,1.9,0,95,9,16,0.6,103,29,15,104,45,59,0,0,1,15,25,49,14,0,23,81,9,28,1,6
20160817,960,0,2016,8,17,33.9,30.2,25.8,77,1001.8,1.9,0,73,10,15,0.6,92,30,15,97,36,61,0,0,3,12,25,45,12,0,27,70,8,37,1,1
20160818,961,0,2016,8,18,34.9,30.4,25.3,78,1001.9,2.6,0,103,9,14,0.5,73,24,12,105,45,60,0,0,5,12,27,50,11,0,30,75,13,38,1,1
20160819,962,0,2016,8,19,37.1,31.5,27.3,74,1002.7,3.3,0,120,9,14,0.5,95,24,12,86,42,44,0,0,4,8,22,45,7,0,20,66,4,28,3,2
20160820,963,1,2016,8,20,36.1,31.2,27.3,76,1002.8,1.5,0,102,10,22,0.6,174,45,27,97,49,48,1,0,0,8,31,40,17,1,19,77,8,35,2,2
20160821,964,1,2016,8,21,34.3,30.3,26.3,80,1003.1,1.6,0,79,10,20,0.6,151,47,30,87,32,55,1,1,1,11,26,36,11,2,20,65,14,22,0,3
20160822,965,0,2016,8,22,33.7,29.6,25.6,80,1005.9,2,0,100,12,24,0.6,123,39,22,96,39,57,0,1,1,18,24,43,9,1,32,63,8,25,1,2
20160823,966,0,2016,8,23,32.3,29.6,26.2,79,1005.6,2.7,12,70,13,26,0.7,106,43,27,91,32,59,0,0,2,11,28,37,13,0,25,66,13,20,1,5
20160824,967,0,2016,8,24,32.4,28.9,23.4,72,1004.6,1.9,0,117,13,26,0.6,153,41,22,118,52,66,1,0,2,12,27,61,15,1,24,93,11,36,2,6
20160825,968,0,2016,8,25,33.9,29,22.7,78,1003.7,2.1,0,111,14,32,0.7,158,54,32,106,43,63,0,0,2,11,34,47,12,0,29,77,12,28,2,7
20160826,969,0,2016,8,26,33.1,29.1,25.3,79,1005.8,2.3,3.9,88,10,19,0.6,128,38,24,82,35,47,0,0,2,12,17,42,9,0,21,61,12,20,0,2
20160827,970,1,2016,8,27,30.7,27.7,25.3,69,1008,3.6,48,88,11,18,0.7,171,39,19,98,44,54,0,0,4,9,28,47,10,0,24,74,12,27,1,2
20160828,971,1,2016,8,28,30.4,27.1,23.6,52,1007.4,4.3,0,108,14,21,0.7,167,47,23,74,28,46,1,0,2,15,12,35,9,1,19,54,8,19,0,1
20160829,972,0,2016,8,29,30.3,26.5,22,57,1008.1,2.5,0,108,14,24,0.8,197,52,28,98,45,53,1,0,1,11,31,45,9,1,23,74,12,34,1,1
20160830,973,0,2016,8,30,31.1,23.9,17,66,1006.4,2.7,0,109,16,34,0.8,177,59,36,77,43,34,0,0,1,5,19,40,12,0,11,66,14,20,0,4
20160831,974,0,2016,8,31,32.9,25.4,17,62,1003.6,1.5,0,89,13,30,0.9,190,64,39,86,37,49,2,1,5,14,21,34,9,2,27,57,8,25,1,2
20160901,975,0,2016,9,1,29.6,26.7,21.7,65,1001.8,1.5,1,0,14,27,0.9,137,76,53,116,47,69,1,0,4,11,26,58,16,1,24,91,18,44,1,0
20160902,976,0,2016,9,2,31.6,26.7,20,71,1002.8,1.3,0,111,13,27,0.8,189,69,51,112,48,64,0,0,1,18,23,56,14,0,25,87,10,39,1,3
20160903,977,1,2016,9,3,31.2,26,20,79,1006.2,1.6,0,106,13,28,0.9,174,81,59,92,39,53,0,0,4,15,21,35,17,0,26,66,11,23,1,1
20160904,978,1,2016,9,4,29.7,25.3,21.6,87,1008.9,2.2,292,13,10,24,0.7,88,49,36,103,39,64,0,0,3,16,26,49,9,0,27,76,12,32,2,5
20160905,979,0,2016,9,5,30.8,26.3,23.2,86,1009.8,1.4,0,34,9,31,0.8,76,33,22,82,38,44,0,0,4,13,19,38,8,0,28,54,12,20,2,1
20160906,980,0,2016,9,6,29.1,25.9,23.8,79,1008.8,1.5,43,8,13,27,0.8,120,47,30,75,37,38,1,1,0,7,13,40,13,1,12,62,9,26,0,3
20160907,981,0,2016,9,7,25.8,23.3,22.3,96,1007.1,1.6,40,0,12,37,0.8,71,56,40,91,35,56,0,0,2,10,27,40,12,0,17,74,14,26,0,5
20160908,982,0,2016,9,8,28.2,24.6,21.1,83,1009.1,1.2,30,48,13,35,0.9,175,44,33,87,44,43,0,0,1,13,24,44,5,0,24,63,9,29,1,2
20160909,983,0,2016,9,9,30.8,25.2,20,80,1010.3,1.6,0,78,17,43,0.9,181,65,44,77,34,43,0,0,1,10,20,31,15,0,17,60,7,22,1,4
20160910,984,1,2016,9,10,28.7,25.2,23,86,1010.5,1,0,0,14,37,0.8,124,67,46,85,38,47,0,0,1,6,27,42,9,0,16,69,17,22,2,4
20160911,985,1,2016,9,11,25,21.6,20.1,92,1012.5,0.9,177,0,13,53,0.8,73,54,38,89,38,51,0,1,3,6,23,45,11,0,18,71,9,20,0,3
20160912,986,0,2016,9,12,27.8,23.6,20.2,84,1014.8,1.6,31,22,13,35,0.7,120,47,32,82,27,55,1,0,0,6,22,49,4,1,12,69,8,29,0,1
20160913,987,0,2016,9,13,27.4,24.9,23,80,1015.9,2.1,37,12,11,40,0.6,127,38,22,112,36,76,2,0,5,11,31,55,8,2,27,83,15,21,1,3
20160914,988,0,2016,9,14,27,24.3,21.2,92,1014.1,2,333,0,10,39,0.7,73,31,21,99,47,52,1,1,2,13,19,49,14,2,23,74,15,22,2,2
20160915,989,1,2016,9,15,27.6,24.7,23,96,1010.4,3.1,999,0,8,20,0.6,28,15,7,106,40,66,1,0,1,16,28,52,8,1,28,77,11,35,2,5
20160916,990,1,2016,9,16,29.8,26.6,22.7,89,1005.9,2.6,1472,0,8,16,0.6,33,13,8,92,35,57,1,0,2,13,29,34,13,1,21,70,10,26,1,3
20160917,991,1,2016,9,17,27.8,25.2,23.3,86,1008.6,2.8,3,7,11,21,0.6,87,28,17,79,39,40,2,0,2,12,18,34,11,2,16,61,9,28,0,2
20160918,992,0,2016,9,18,26.5,24.6,22.7,79,1008.3,3.7,19,0,10,20,0.6,101,41,23,105,50,55,1,0,7,10,22,47,18,1,25,79,12,33,1,1
20160919,993,0,2016,9,19,26.7,23.2,22.3,80,1010.3,4.5,26,34,13,24,0.6,105,47,24,100,36,64,1,2,7,12,29,41,8,2,29,69,9,20,0,2
20160920,994,0,2016,9,20,26.7,22.9,20.6,73,1015.8,2.5,0,67,17,33,0.7,138,56,27,100,48,52,0,0,0,13,20,56,11,0,24,76,11,33,0,4
20160921,995,0,2016,9,21,26.5,23.1,19.6,77,1018.2,1.4,1,80,15,37,0.6,117,51,27,96,34,62,1,1,2,8,26,50,8,2,25,69,14,25,0,4
20160922,996,0,2016,9,22,27.2,23,19.4,81,1017,1.7,2,68,16,38,0.7,115,49,25,96,31,65,0,0,0,11,35,43,7,0,20,76,8,28,1,1
20160923,997,0,2016,9,23,27.8,23.6,19.5,78,1015.2,2,0,83,15,33,0.6,122,40,21,96,46,50,0,0,5,5,26,51,9,0,20,76,11,37,0,5
20160924,998,1,2016,9,24,28.9,23.1,17.6,82,1013.3,1.4,0,92,14,31,0.6,151,55,30,79,32,47,2,0,4,9,18,40,6,2,15,62,9,25,0,2
20160925,999,1,2016,9,25,29.9,23.9,17.5,78,1012.5,2.3,0,110,12,29,0.6,147,49,30,98,41,57,0,1,2,9,23,50,13,1,19,78,19,31,1,3
20160926,1000,0,2016,9,26,28.8,24.3,19.6,92,1011.6,1.2,269,30,15,42,0.7,77,64,37,101,39,62,1,0,2,13,25,49,11,1,26,74,13,28,0,2
20160927,1001,0,2016,9,27,29.8,26.9,23.9,92,1009.5,2.3,14,18,13,26,0.6,20,39,18,111,41,70,0,0,2,10,34,53,12,0,21,90,15,32,0,5
20160928,1002,0,2016,9,28,29.5,27.2,24.9,92,1008.7,3.2,120,0,9,22,0.6,25,28,12,116,49,67,0,0,2,8,33,64,9,0,22,94,16,32,3,7
20160929,1003,0,2016,9,29,26.3,24.4,23.7,98,1009.4,2.1,519,0,9,34,0.7,41,19,13,90,42,48,0,1,1,10,28,34,16,0,26,64,9,28,1,4
20160930,1004,0,2016,9,30,28.8,24.6,22.3,93,1010.4,1.2,15,29,14,45,1,97,77,55,90,45,45,0,0,3,11,19,41,16,0,23,67,8,28,0,4
20170501,1217,1,2017,5,1,28.2,21,13.3,76,1012.9,2.4,0,70,8,22,0.7,136,50,28,102,49,53,1,0,2,13,22,47,17,1,22,79,15,31,2,6
20170502,1218,0,2017,5,2,20.7,17.9,16.2,89,1015.4,3.4,178,0,6,25,0.7,100,28,20,102,39,63,0,0,3,8,28,49,14,0,19,83,13,34,2,2
20170503,1219,0,2017,5,3,20.5,18.8,16.3,87,1015.5,1.8,0,0,7,24,0.6,93,40,24,107,40,67,0,0,0,12,33,46,16,0,26,81,13,35,0,0
20170504,1220,0,2017,5,4,23,20.8,18.8,91,1011.1,2.2,49,0,6,28,0.7,84,32,22,93,38,55,1,0,3,4,25,44,16,1,15,77,16,28,1,0
20170505,1221,0,2017,5,5,26.9,21.5,16.7,80,1014.9,2.9,0,92,10,33,0.8,128,56,37,99,42,57,1,0,1,8,28,44,17,1,20,78,22,24,0,1
20170506,1222,1,2017,5,6,23.6,19.2,17.1,88,1018.6,1.6,0,42,10,47,0.8,118,60,34,82,32,50,0,1,2,13,16,42,8,0,21,61,11,25,1,2
20170507,1223,1,2017,5,7,26.3,19.6,15.4,68,1017.3,1.1,0,69,11,38,0.7,135,126,43,75,28,47,1,0,4,7,22,31,10,1,19,55,8,20,1,2
20170508,1224,0,2017,5,8,20.4,17.7,15.2,82,1011.3,1.5,49,0,7,31,0.7,92,114,33,83,31,52,1,0,1,12,18,40,11,1,18,64,10,28,0,2
20170509,1225,0,2017,5,9,27.7,21.1,17.4,77,1009.7,1.7,16,106,9,44,0.8,156,76,42,93,32,61,0,0,0,11,28,41,13,0,19,74,13,22,1,2
20170510,1226,0,2017,5,10,32.4,23.2,12.5,61,1013.6,1.9,0,119,11,42,0.8,172,72,37,81,31,50,0,0,3,8,27,33,10,0,18,63,13,23,0,3
20170511,1227,0,2017,5,11,33,27,19,54,1011.5,2.1,0,118,10,29,0.7,156,63,35,104,48,56,0,0,4,10,36,45,9,0,28,76,13,24,3,1
20170512,1228,0,2017,5,12,23.1,19.5,17.9,94,1009,2.7,93,0,7,36,0.7,115,52,33,109,50,59,0,0,5,11,32,50,11,0,25,84,16,33,0,6
20170513,1229,1,2017,5,13,29.8,21.2,14.7,77,1009.1,1.9,0,117,9,37,0.7,159,44,26,97,37,60,1,0,4,5,29,41,17,1,22,74,16,32,3,0
20170514,1230,1,2017,5,14,29.3,21.6,14.5,82,1011.3,1.8,0,114,14,45,0.8,220,80,48,81,35,46,0,0,0,9,24,35,13,0,18,63,12,18,2,0
20170515,1231,0,2017,5,15,23.9,20.7,18,80,1013.6,2.2,0,41,9,25,0.6,113,44,25,97,47,50,1,0,0,16,23,44,13,1,23,73,4,34,2,0
20170516,1232,0,2017,5,16,22.1,18.9,16.6,81,1011.1,1.2,0,7,10,40,0.6,102,50,19,84,34,50,1,0,1,9,21,39,13,1,13,70,14,21,0,4
20170517,1233,0,2017,5,17,24.6,18.7,12,78,1012.2,1.8,0,115,11,39,0.6,151,65,30,118,45,73,0,0,4,17,28,50,19,0,31,87,17,33,1,5
20170518,1234,0,2017,5,18,28,21.1,12.8,63,1015.1,2.6,0,124,9,24,0.6,153,44,20,82,38,44,0,0,2,9,22,39,10,0,18,64,12,24,1,2
20170519,1235,0,2017,5,19,28.2,22.1,15.3,71,1014.2,3.3,0,117,8,16,0.6,145,47,23,93,39,54,0,0,1,10,22,44,16,0,17,76,13,26,3,4
20170520,1236,1,2017,5,20,28.2,24,21.5,69,1011.3,3.7,0,87,7,13,0.6,114,37,21,91,38,53,2,0,3,14,21,35,16,2,23,66,14,25,1,5
20170521,1237,1,2017,5,21,27.4,23.1,17.7,70,1010.6,2.3,0,117,7,14,0.6,116,32,17,98,41,57,1,1,4,7,29,45,11,2,22,74,10,38,0,3
20170522,1238,0,2017,5,22,28.5,23.4,17.6,78,1009.8,2.4,0,117,6,14,0.6,98,35,18,120,50,70,1,0,1,14,45,41,18,1,29,90,17,40,0,5
20170523,1239,0,2017,5,23,26.5,24,21.8,85,1006.4,1.7,52,0,6,24,0.6,64,41,25,96,47,49,2,0,0,10,33,41,10,2,23,71,10,32,1,1
20170524,1240,0,2017,5,24,21.4,20.7,19.7,93,1008.2,3.2,192,0,6,26,0.6,76,28,19,89,38,51,0,0,2,8,27,43,9,0,22,67,16,24,3,3
20170525,1241,0,2017,5,25,27.8,20.5,15,69,1010.4,2.6,0,95,13,47,0.8,200,55,32,93,49,44,0,0,1,12,30,40,10,0,23,70,5,28,0,4
20170526,1242,0,2017,5,26,25.9,20.1,14.4,74,1011.8,1.8,0,107,14,62,0.8,169,82,46,86,38,48,0,1,3,6,27,34,15,0,15,71,15,17,1,1
20170527,1243,0,2017,5,27,30.6,21.6,13.6,69,1012.2,1.7,0,127,10,33,0.6,140,52,25,83,30,53,0,1,1,6,17,50,8,0,12,71,10,27,1,3
20170528,1244,1,2017,5,28,29.1,22.1,16.7,66,1012.4,1.4,0,99,9,24,0.6,124,42,20,82,28,54,0,0,3,9,23,36,11,0,22,60,12,22,1,2
20170529,1245,1,2017,5,29,29.8,23.5,15.3,71,1012.2,2.9,0,123,7,13,0.6,104,30,15,80,32,48,0,1,1,8,18,37,15,0,13,67,7,31,0,2
20170530,1246,1,2017,5,30,32,26,20.3,73,1008.1,1.9,0,114,7,13,0.6,100,38,24,94,38,56,0,1,3,7,29,38,16,1,22,71,9,25,2,5
20170531,1247,0,2017,5,31,32,27.5,23.1,71,1002.7,1.3,0,106,12,34,0.8,202,87,56,103,49,54,2,0,2,11,28,46,14,2,23,78,13,29,2,2
20170601,1248,0,2017,6,1,27.1,24.7,23,84,1000.7,1.4,3,0,11,48,1,91,92,62,123,54,69,0,0,3,12,32,57,19,0,27,96,11,33,1,1
20170602,1249,0,2017,6,2,27.6,24.2,21.8,83,1003.8,2.8,0,73,11,37,0.9,153,75,54,104,48,56,0,0,0,12,29,45,18,0,22,82,13,36,0,2
20170603,1250,1,2017,6,3,29.7,24,18.9,67,1006.5,2,0,108,10,24,0.6,130,34,18,106,49,57,0,0,2,8,36,48,12,0,25,81,13,25,2,4
20170604,1251,1,2017,6,4,27.9,23.7,19.1,64,1009.3,2.8,0,74,10,23,0.6,136,32,14,82,39,43,0,0,0,13,23,38,8,0,26,56,8,25,1,1
20170605,1252,0,2017,6,5,22.9,20.2,19.3,87,1011,1.1,52,0,8,28,0.7,95,38,20,86,32,54,1,0,6,13,24,34,8,1,27,58,8,23,2,3
20170606,1253,0,2017,6,6,31.1,25.2,18.4,84,1007.6,2.3,1,37,8,28,0.8,111,54,36,87,37,50,0,0,3,8,19,43,14,0,18,69,8,27,3,5
20170607,1254,0,2017,6,7,28.1,23.9,21.4,69,1011.1,2.1,0,47,11,32,0.9,158,56,36,79,38,41,1,0,2,12,20,35,9,1,20,58,8,20,0,1
20170608,1255,0,2017,6,8,29.3,24.2,17.6,72,1010.7,1.1,0,92,12,34,1.1,204,82,55,82,38,44,2,0,2,6,16,45,11,2,13,67,9,27,0,3
20170609,1256,0,2017,6,9,26.6,24.6,21.1,83,1008.7,1.9,17,0,7,29,1,119,48,35,99,38,61,0,0,1,8,23,46,21,0,15,84,14,27,2,3
20170610,1257,1,2017,6,10,36,28,22.8,79,1004.1,1.7,1,49,7,30,1,94,64,44,118,52,66,0,0,4,10,38,54,12,0,26,92,17,39,0,4
20170611,1258,1,2017,6,11,30.9,23.5,20.7,93,1007.5,1.8,86,0,7,24,0.7,89,39,21,81,35,46,2,0,0,12,16,39,12,2,17,62,8,25,1,1
20170612,1259,0,2017,6,12,20.9,20.2,19.6,98,1010.4,1.5,456,0,6,29,0.7,83,18,12,96,47,49,1,0,2,12,30,44,7,1,26,69,6,24,0,3
20170613,1260,0,2017,6,13,21.2,20.2,19.4,100,1011,1.4,633,0,5,39,0.8,78,18,13,99,40,59,1,0,2,12,21,49,14,1,20,78,16,19,1,2
20170614,1261,0,2017,6,14,24.5,21.6,19.4,87,1011.1,2.2,54,0,7,29,0.6,117,32,16,81,28,53,0,0,3,8,20,40,10,0,16,65,11,21,1,4
20170615,1262,0,2017,6,15,26.4,21.7,16.6,79,1011,1.4,0,45,10,32,0.7,141,50,29,72,36,36,0,0,0,11,14,34,13,0,15,57,8,21,0,1
20170616,1263,0,2017,6,16,26.2,22.4,18.9,75,1004.1,1.1,0,0,9,21,0.6,118,42,26,94,44,50,0,0,5,12,25,34,18,0,28,66,5,24,0,2
20170617,1264,1,2017,6,17,27,23,19.2,75,1008.4,2.1,0,61,9,26,0.7,134,42,28,100,47,53,0,1,3,14,27,42,13,0,26,74,10,30,1,7
20170618,1265,1,2017,6,18,27.9,23.5,18.2,77,1009,2.3,0,70,8,14,0.6,116,34,21,75,37,38,0,0,1,9,19,38,8,0,17,58,9,20,0,3
20170619,1266,0,2017,6,19,26.7,24.1,22.4,91,1005,1.3,20,0,6,23,0.7,77,21,14,78,36,42,1,0,2,9,21,35,10,1,19,58,7,23,0,3
20170620,1267,0,2017,6,20,30.2,25.4,22.6,87,1002.4,1.7,85,33,8,36,0.8,128,48,36,87,34,53,0,0,2,7,22,45,11,0,14,73,14,25,1,2
20170621,1268,0,2017,6,21,27,23.8,22.2,97,1005.3,1.2,34,0,7,34,0.8,73,37,26,101,38,63,0,0,1,12,27,49,12,0,21,80,11,29,1,4
20170622,1269,0,2017,6,22,27.2,23.9,21.8,97,1005.5,1.1,229,6,7,41,0.7,83,32,21,89,44,45,0,0,1,10,19,44,15,0,18,71,15,23,2,4
20170623,1270,0,2017,6,23,29.2,25.2,22.5,96,1005.1,1.3,25,0,9,56,1,107,67,44,86,38,48,0,0,3,12,21,39,11,0,24,62,9,28,1,3
20170624,1271,1,2017,6,24,26.6,25,24,99,1001.5,1.5,235,0,6,40,0.8,45,29,22,107,46,61,1,1,2,10,26,45,22,2,23,82,10,32,1,3
20170625,1272,1,2017,6,25,24.6,23.3,22.6,98,1003.5,1.3,230,0,5,35,0.8,71,26,18,65,25,40,0,0,3,8,19,27,8,0,17,48,8,16,0,1
20170626,1273,0,2017,6,26,26.5,23.6,21.5,93,1006.6,1.2,4,0,7,36,0.9,82,49,36,92,31,61,1,0,4,12,26,42,7,1,24,67,6,26,0,3
20170627,1274,0,2017,6,27,27.1,23.7,21.3,90,1009,1.4,25,0,7,35,0.9,104,43,31,99,41,58,0,0,3,7,27,45,17,0,20,79,11,23,2,3
20170628,1275,0,2017,6,28,24.2,22.1,19.5,96,1010.4,0.9,28,0,7,40,0.9,87,43,31,86,38,48,0,0,2,4,30,39,11,0,19,67,12,32,1,1
20170629,1276,0,2017,6,29,29.5,24.6,21.6,94,1009.2,1.7,296,29,8,51,0.9,108,47,35,70,27,43,0,1,4,7,13,37,8,1,17,52,4,22,1,0
20170630,1277,0,2017,6,30,33,27.3,22.6,86,1007,1.6,27,0,7,29,0.7,118,35,23,78,27,51,0,0,1,10,22,33,12,0,16,62,5,23,0,4
20170701,1278,1,2017,7,1,34.1,29,23.9,79,1005.2,2.4,6,114,6,13,0.5,85,30,20,100,42,58,1,0,0,9,27,47,16,1,20,79,15,27,0,3
20170702,1279,1,2017,7,2,34.4,29.8,26.8,76,1005.5,3.2,0,81,6,12,0.5,77,24,14,114,52,62,1,1,4,7,30,52,19,2,18,94,12,41,0,2
20170703,1280,0,2017,7,3,33.2,26.6,24,89,1006.4,2.1,401,43,6,20,0.6,64,25,15,106,43,63,0,0,5,8,27,55,11,0,25,81,13,27,2,3
20170704,1281,0,2017,7,4,33.2,28.9,24.3,73,1007.3,1.9,0,81,7,26,0.6,100,26,15,88,41,47,1,1,1,7,23,45,10,2,20,66,8,29,2,2
20170705,1282,0,2017,7,5,35.6,29.3,24.1,79,1008.6,1.7,128,71,8,34,0.7,115,39,23,95,36,59,2,0,2,10,24,46,11,2,23,70,6,33,1,3
20170706,1283,0,2017,7,6,34.9,29.8,25.1,78,1008.1,2.2,0,114,6,20,0.6,90,34,20,105,44,61,2,0,1,14,26,53,9,2,23,80,10,33,1,3
20170707,1284,0,2017,7,7,37.1,30.8,27.4,71,1006.7,1.7,0,101,7,20,0.6,106,33,18,103,41,62,1,1,2,8,20,51,20,1,20,82,16,34,0,2
20170708,1285,1,2017,7,8,36.6,30.4,26.6,74,1006.8,1.9,9,76,7,21,0.5,97,27,15,99,38,61,1,1,2,11,20,46,18,2,21,76,11,30,2,5
20170709,1286,1,2017,7,9,33.1,30,26,74,1005.6,2,0,28,7,18,0.6,83,32,16,83,31,52,0,0,2,9,20,36,16,0,19,64,14,26,1,5
20170710,1287,0,2017,7,10,36.3,29.9,25.4,75,1003.6,2.5,25,76,7,20,0.6,103,35,19,89,42,47,0,0,1,13,22,40,13,0,23,66,10,24,1,3
20170711,1288,0,2017,7,11,34.4,27.9,25,87,1007.8,1.5,118,62,8,37,0.7,120,32,19,82,30,52,0,2,2,12,19,37,10,2,18,62,10,26,0,4
20170712,1289,0,2017,7,12,37,29.9,25.4,81,1009,1.4,4,93,9,40,0.8,166,46,26,95,44,51,0,0,0,20,18,46,11,0,27,68,9,28,1,4
20170713,1290,0,2017,7,13,37.8,30.9,25.1,72,1006.8,1.5,1,81,10,41,0.8,140,50,29,95,31,64,1,0,1,11,21,48,13,1,17,77,11,29,0,2
20170714,1291,0,2017,7,14,37.6,31.8,27,72,1006.2,2,27,99,8,28,0.7,163,51,32,97,33,64,1,0,3,8,28,46,11,1,20,76,13,29,1,2
20170715,1292,1,2017,7,15,35.9,31,27.2,69,1008.1,2.9,0,121,7,12,0.6,86,26,15,82,35,47,0,1,1,7,26,33,14,1,18,63,13,16,2,3
20170716,1293,1,2017,7,16,36.7,31.3,27.7,67,1009.9,3.1,0,126,6,10,0.5,92,22,11,83,39,44,0,0,1,11,22,40,9,0,16,67,8,24,1,3
20170717,1294,0,2017,7,17,34.5,31,27.5,69,1010.8,3.1,0,127,7,11,0.5,86,24,11,102,37,65,0,1,2,9,33,42,15,0,19,83,12,33,1,1
20170718,1295,0,2017,7,18,39.2,32.4,26.9,66,1009.5,1.9,0,100,8,28,0.7,128,44,21,102,49,53,0,0,2,8,29,47,16,0,24,78,19,24,1,3
20170719,1296,0,2017,7,19,38.4,32.7,27.9,66,1007.2,1,0,120,9,28,0.7,139,44,25,115,40,75,0,0,4,11,34,51,15,0,26,89,13,37,0,3
20170720,1297,0,2017,7,20,38.8,31.9,26.3,67,1006.5,1.9,113,77,10,32,0.8,171,50,27,110,55,55,1,1,2,10,31,50,15,2,23,85,12,22,3,8
20170721,1298,0,2017,7,21,38.3,31.7,25.2,66,1008.2,2,0,116,10,31,0.8,192,56,30,107,43,64,2,0,4,12,25,45,19,2,21,84,20,30,1,4
20170722,1299,1,2017,7,22,38.3,32.9,27.8,66,1008.8,2.3,0,115,9,28,0.8,185,56,34,108,53,55,1,0,4,13,22,55,13,1,24,83,10,38,0,4
20170723,1300,1,2017,7,23,38.5,32.5,26.1,64,1006.3,1.8,0,120,9,27,0.7,186,48,25,109,44,65,0,1,2,9,32,38,27,0,26,83,13,27,0,1
20170724,1301,0,2017,7,24,39,32.8,26.1,67,1003.6,1.5,0,111,10,34,0.8,214,60,33,111,52,59,0,0,3,10,24,58,16,0,26,85,15,44,0,3
20170725,1302,0,2017,7,25,38.6,32.6,26.3,67,1003.4,1.4,0,105,11,40,1,240,84,53,147,59,88,2,0,4,15,41,63,22,2,32,113,23,41,2,2
20170726,1303,0,2017,7,26,36.7,32,26,66,1004.2,1.4,0,107,10,35,0.9,210,72,47,135,62,73,0,0,0,13,35,73,14,0,26,109,23,36,1,7
20170727,1304,0,2017,7,27,37.8,31.9,26.2,67,1004.7,1.9,0,119,7,17,0.7,110,41,27,124,53,71,1,1,4,20,22,54,22,1,34,89,16,32,2,4
20170728,1305,0,2017,7,28,36.6,31.6,27.7,67,1006,2.5,0,123,7,12,0.6,74,25,18,97,41,56,0,0,2,12,18,51,14,0,18,79,13,21,0,9
20170729,1306,1,2017,7,29,35,30.4,25.8,74,1005,2.4,0,115,7,14,0.6,67,25,18,100,41,59,0,0,2,11,21,52,14,0,21,79,10,34,2,2
20170730,1307,1,2017,7,30,30.8,28.2,25.9,93,1002,1.5,419,19,6,16,0.7,34,23,12,92,46,46,0,0,4,8,32,38,10,0,24,68,9,27,0,3
20170731,1308,0,2017,7,31,32.7,29.3,27.2,84,1000.6,3.7,40,0,5,8,0.6,69,31,14,91,39,52,1,0,3,6,26,48,7,1,19,71,6,26,0,2
20170801,1309,0,2017,8,1,33.6,30.8,28.1,76,1002,5.3,1,77,6,8,0.6,71,36,19,124,57,67,1,0,3,9,30,57,24,1,25,98,23,27,3,5
20170802,1310,0,2017,8,2,33.8,30.6,28.1,77,1002,3.3,0,104,6,8,0.6,65,30,16,109,60,49,1,0,4,11,32,48,13,1,28,80,8,32,1,2
20170803,1311,0,2017,8,3,35.9,31.2,27.6,75,999.7,3.1,0,117,5,11,0.7,120,39,25,103,41,62,0,1,1,10,31,51,9,1,23,79,10,29,0,4
20170804,1312,0,2017,8,4,36.9,31.2,27.7,78,1000.7,2.6,102,78,5,17,0.8,145,50,32,81,37,44,1,0,1,5,17,42,15,1,8,72,10,24,0,1
20170805,1313,1,2017,8,5,35.2,30.9,27.3,85,1001.1,1.3,0,39,5,28,0.9,199,70,50,95,39,56,2,0,1,6,23,46,17,2,17,76,12,26,2,1
20170806,1314,1,2017,8,6,36.6,30.9,26.6,80,1001.4,1.4,11,82,5,23,1,181,58,42,85,37,48,1,0,2,4,20,43,15,1,15,69,8,25,1,3
20170807,1315,0,2017,8,7,37.7,31.5,27.2,80,1001.3,1.4,9,71,6,25,1,190,65,46,107,45,62,1,0,2,11,23,58,12,1,18,88,12,37,0,1
20170808,1316,0,2017,8,8,38.3,32,27.8,76,1000.1,1,0,88,7,31,0.8,119,47,30,117,48,69,0,0,4,14,26,57,16,0,27,90,11,38,1,1
20170809,1317,0,2017,8,9,37.1,29.4,26.3,82,999.4,1.2,5,57,6,32,0.9,111,38,21,89,44,45,0,0,2,8,18,45,16,0,16,73,14,24,0,3
20170810,1318,0,2017,8,10,33.7,28.6,26.1,85,1001.4,1.2,62,43,6,32,0.8,129,35,22,95,34,61,1,0,4,13,22,45,10,1,28,66,15,26,1,1
20170811,1319,0,2017,8,11,35.7,30.1,25.4,76,1004.7,1.8,0,81,7,27,0.9,210,48,32,99,39,60,0,1,5,6,24,42,21,1,21,77,13,30,0,8
20170812,1320,1,2017,8,12,33.5,29.5,25.7,83,1006.3,1.5,130,13,6,21,0.8,120,35,24,82,30,52,1,0,2,10,24,35,10,1,22,59,8,22,1,2
20170813,1321,1,2017,8,13,37.6,30.2,26.1,82,1004.2,1.5,81,91,6,22,0.8,110,45,30,109,38,71,0,0,1,14,30,48,16,0,25,84,14,42,1,4
20170814,1322,0,2017,8,14,36.2,29.8,26.2,85,1003.6,1.5,4,85,7,36,0.9,148,52,31,94,34,60,0,0,0,12,26,46,10,0,17,77,12,27,1,2
20170815,1323,0,2017,8,15,33.7,29.8,26,79,1004.8,1.6,0,73,7,28,0.9,130,47,32,111,51,60,0,0,4,12,23,59,13,0,23,88,13,37,1,2
20170816,1324,0,2017,8,16,35.8,29.2,23.9,80,1006.1,2,250,84,6,25,0.9,146,37,26,96,42,54,2,0,1,9,25,41,18,2,22,72,14,21,0,1
20170817,1325,0,2017,8,17,34.3,28.8,23.8,80,1008,1.5,0,75,7,28,0.7,164,34,23,96,39,57,1,0,2,13,22,44,14,1,20,75,12,25,0,1
20170818,1326,0,2017,8,18,34.3,28.3,23.3,81,1009.4,1.3,15,86,6,21,0.6,135,28,18,98,52,46,0,0,2,7,23,49,17,0,17,81,10,29,2,4
20170819,1327,1,2017,8,19,37.3,30.6,27.1,73,1007.6,2.2,5,96,7,22,0.6,137,40,28,97,47,50,0,0,4,13,19,40,21,0,26,71,11,32,0,5
20170820,1328,1,2017,8,20,35.5,29,23,81,1005,1.2,367,57,6,23,0.6,101,41,27,112,56,56,0,0,5,20,23,45,19,0,35,77,10,22,0,3
20170821,1329,0,2017,8,21,34.9,29.3,24.4,82,1005.2,1.2,0,105,6,16,0.5,98,32,20,99,44,55,0,0,2,8,26,52,11,0,19,80,10,24,2,2
20170822,1330,0,2017,8,22,34.2,29.6,26,83,1007,1.6,0,101,5,9,0.5,43,17,7,98,46,52,0,0,1,6,32,49,10,0,14,84,11,23,1,4
20170823,1331,0,2017,8,23,33.7,30.5,28.1,79,1008.5,3.1,0,115,5,7,0.4,48,18,7,88,36,52,0,0,1,10,25,38,14,0,23,65,8,28,0,6
20170824,1332,0,2017,8,24,37.5,31.9,27.7,70,1008.3,2.3,0,112,6,13,0.5,109,25,15,113,46,67,0,0,4,7,29,62,11,0,19,94,16,31,2,2
20170825,1333,0,2017,8,25,35.2,30.9,27.7,79,1008.3,1.4,0,86,6,31,0.7,140,38,23,100,48,52,0,0,3,12,25,43,17,0,24,76,14,30,0,2
20170826,1334,1,2017,8,26,30,28.6,26.4,90,1010.9,1.7,137,8,7,30,0.7,86,34,20,119,50,69,0,0,5,5,34,56,19,0,22,97,16,28,1,6
20170827,1335,1,2017,8,27,33.7,29.5,25.5,83,1011.7,1.3,0,96,6,17,0.5,62,21,12,86,42,44,1,0,2,5,17,44,17,1,13,72,9,27,2,4
20170828,1336,0,2017,8,28,36.9,30.7,26.2,73,1010.3,1.8,0,116,6,14,0.5,97,18,11,106,49,57,0,0,3,15,33,44,11,0,32,74,12,31,0,4
20170829,1337,0,2017,8,29,34.3,30,25.9,78,1011.2,2.7,0,114,8,20,0.6,138,27,15,93,40,53,0,0,1,7,28,43,14,0,15,78,8,28,2,2
20170830,1338,0,2017,8,30,29.7,27.4,25.8,74,1011.7,2.8,0,38,9,18,0.5,105,35,13,92,43,49,0,1,4,9,28,36,14,1,23,68,9,25,2,2
20170831,1339,0,2017,8,31,28.7,26.5,25.3,65,1011.4,2.8,0,0,8,13,0.5,130,33,13,90,37,53,1,1,1,12,19,46,10,2,23,65,8,28,2,2
20170901,1340,0,2017,9,1,28.6,25.9,23.6,65,1010.3,2.3,2,80,8,16,0.6,116,34,17,113,45,68,0,0,4,11,27,53,18,0,25,88,12,33,1,6
20170902,1341,1,2017,9,2,29.9,24.2,19.2,83,1009.5,1.3,5,55,8,32,0.7,106,40,24,84,39,45,0,0,1,8,14,50,11,0,14,70,9,33,0,3
20170903,1342,1,2017,9,3,31.4,27.4,23.7,68,1010.7,2.1,0,39,8,19,0.6,108,27,12,71,32,39,1,0,2,12,17,31,8,1,19,51,9,18,0,0
20170904,1343,0,2017,9,4,33,27.5,21.7,74,1009.9,1.5,0,117,7,12,0.5,97,25,11,110,45,65,0,0,1,12,23,53,21,0,23,87,12,34,2,4
20170905,1344,0,2017,9,5,34.5,28.9,24,77,1008.4,1.6,0,116,8,14,0.7,150,34,19,100,39,61,0,0,1,7,29,49,14,0,14,86,8,31,0,4
20170906,1345,0,2017,9,6,34.8,29,25,83,1006.7,1.5,6,92,8,19,0.8,172,54,34,104,45,59,0,0,0,10,30,48,16,0,23,81,10,32,1,2
20170907,1346,0,2017,9,7,28,25.1,23.9,97,1008.8,1.4,70,0,7,30,1,62,34,26,101,44,57,1,0,0,6,33,48,13,1,17,83,14,33,0,1
20170908,1347,0,2017,9,8,26.4,24.4,23.7,97,1011.3,0.2,17,0,7,30,0.7,78,24,17,99,41,58,0,0,3,10,22,47,17,0,20,79,14,24,1,3
20170909,1348,1,2017,9,9,29,26.1,24.2,90,1010.2,0.7,28,12,8,27,0.7,86,33,23,110,47,63,0,0,3,10,27,55,15,0,23,87,18,42,1,3
20170910,1349,1,2017,9,10,34.7,29.2,24.7,79,1008.2,1.6,0,84,7,18,0.6,85,28,18,99,51,48,2,0,1,11,27,37,21,2,24,73,14,30,2,1
20170911,1350,0,2017,9,11,30.2,27.1,24,88,1008.2,1.7,72,0,8,30,0.9,62,35,24,93,39,54,0,0,1,14,25,35,18,0,25,68,14,28,1,2
20170912,1351,0,2017,9,12,26.6,24.3,22.9,89,1014.7,1.6,29,4,8,24,0.7,104,24,14,93,39,54,1,0,2,5,21,53,11,1,15,77,14,29,1,1
20170913,1352,0,2017,9,13,28,25.4,23.3,68,1016,3.1,0,95,8,25,0.6,116,37,21,92,30,62,0,0,1,13,25,41,12,0,25,67,10,22,1,2
20170914,1353,0,2017,9,14,25.2,24.4,23,82,1011.8,4.8,82,0,8,14,0.6,112,35,14,100,39,61,0,0,2,12,38,36,12,0,25,75,9,31,1,1
20170915,1354,0,2017,9,15,25.9,24.5,23.5,95,1008.9,5.2,59,0,6,9,0.5,76,31,13,90,42,48,0,0,4,11,22,44,9,0,23,67,7,23,2,4
20170916,1355,1,2017,9,16,27,23.9,21.9,80,1009.3,3.6,29,26,8,21,0.6,128,36,21,105,44,61,1,0,2,9,23,43,27,1,18,86,13,26,1,5
20170917,1356,1,2017,9,17,27.8,23.3,20.1,71,1010.2,2.8,0,102,11,31,0.7,158,52,30,92,35,57,0,0,1,6,26,47,12,0,18,74,13,30,0,3
20170918,1357,0,2017,9,18,30.6,23.8,17.4,77,1011,1.4,0,96,12,40,0.9,182,81,53,107,56,51,0,0,2,8,25,57,15,0,17,90,10,34,2,5
20170919,1358,0,2017,9,19,33,25.9,18.7,72,1010.4,2,0,82,10,21,0.8,162,62,42,104,47,57,3,0,3,9,20,53,16,3,17,84,22,29,1,2
20170920,1359,0,2017,9,20,26.1,24.1,22.8,94,1010.7,1.2,113,0,8,31,0.7,56,39,25,102,44,58,1,0,3,15,19,47,17,1,23,78,17,25,1,4
20170921,1360,0,2017,9,21,23.3,22,21.3,97,1011.3,2,297,0,7,32,0.7,84,16,10,91,39,52,0,0,3,6,17,49,16,0,12,79,12,34,0,2
20170922,1361,0,2017,9,22,25.4,23.2,21.2,93,1012.4,0.6,0,4,10,44,0.8,76,36,23,94,45,49,1,0,0,10,25,46,12,1,18,75,17,29,0,1
20170923,1362,1,2017,9,23,23.6,21.2,19.2,95,1014.9,1.9,308,0,9,41,0.7,83,38,24,97,46,51,2,0,3,9,21,41,21,2,19,76,11,31,3,2
20170924,1363,1,2017,9,24,27.2,23.7,20.4,94,1012,0.9,6,5,8,34,0.8,78,40,26,106,40,66,0,0,6,6,27,47,20,0,26,80,18,32,1,2
20170925,1364,0,2017,9,25,29.1,26.8,23.7,92,1008.6,1.1,0,9,9,35,0.7,56,46,30,101,47,54,0,1,4,15,24,36,21,0,28,73,10,38,0,2
20170926,1365,0,2017,9,26,33.7,28.3,23.6,87,1007.9,0.9,0,95,10,41,0.9,189,64,44,122,45,77,2,0,2,9,38,47,24,2,27,93,19,35,1,6
20170927,1366,0,2017,9,27,28.9,25.6,24.6,90,1008.9,2,12,2,9,31,0.8,102,36,23,90,32,58,1,0,5,10,21,39,14,1,24,65,13,21,0,1
20170928,1367,0,2017,9,28,24.6,21.1,19,86,1013.3,1.7,24,0,9,33,0.7,92,31,15,72,30,42,0,0,0,7,24,28,13,0,22,50,6,17,1,0
20170929,1368,0,2017,9,29,24.9,21.7,17.6,84,1017.6,0.6,0,0,11,41,0.8,95,41,23,90,39,51,1,0,2,11,24,35,17,1,26,63,8,28,1,4
20170930,1369,0,2017,9,30,23.5,22.3,20.9,98,1017.6,0.8,110,6,8,37,0.8,72,34,19,90,37,53,1,1,5,6,19,40,18,1,21,68,6,34,0,1
20180501,1582,1,2018,5,1,31,24.9,20.5,84.3,1009.2,1.4,100,38,8,33,0.9,107,47,36,145,59,86,1,0,2,14,42,59,27,1,29,115,14,44,1,6
20180502,1583,0,2018,5,2,26.6,22.3,17.8,85.3,1012.1,2.7,242,0,6,26,0.9,148,46,34,81,36,45,0,0,1,7,18,44,11,0,15,66,15,27,0,3
20180503,1584,0,2018,5,3,24.8,17.9,12.6,62.5,1018.8,1.8,0,96,9,34,0.6,171,34,17,88,23,65,0,1,4,12,26,33,12,1,28,59,13,21,1,4
20180504,1585,0,2018,5,4,27.4,20.2,10.9,54.3,1017.7,2.3,0,109,13,35,0.6,191,52,29,80,28,52,1,0,4,10,17,39,9,1,20,59,9,15,1,4
20180505,1586,1,2018,5,5,21.5,19.5,15.9,75.5,1014.4,2.1,212,0,7,23,0.6,144,35,20,79,31,48,0,0,1,6,20,41,11,0,13,66,10,21,2,4
20180506,1587,1,2018,5,6,32.8,25.6,20.7,73,1006,1.7,0,47,7,24,0.7,117,51,35,88,35,53,2,1,4,4,16,45,16,2,15,71,9,18,1,4
20180507,1588,0,2018,5,7,26.6,21.9,17.5,84.5,1005.6,2.1,20,0,7,34,0.9,71,53,34,96,35,61,0,0,0,8,26,49,13,0,21,75,12,27,4,4
20180508,1589,0,2018,5,8,22.9,18.3,16.4,89.8,1011.2,2.4,370,39,6,28,0.7,129,23,14,83,42,41,0,1,2,12,18,42,8,0,18,65,12,20,0,2
20180509,1590,0,2018,5,9,21.5,16.9,11.2,77,1019.6,1.4,0,107,9,30,0.7,142,44,22,82,37,45,0,0,4,4,23,35,16,0,14,68,8,30,0,1
20180510,1591,0,2018,5,10,22.7,16.7,10.5,69.5,1020.9,2.5,0,79,7,19,0.5,142,38,18,90,31,59,1,0,2,7,26,36,18,1,16,73,12,26,1,2
20180511,1592,0,2018,5,11,27.9,20.5,10.9,72.5,1014.2,2.7,0,96,6,16,0.6,116,41,22,94,39,55,0,1,2,8,25,42,16,0,18,76,13,27,0,3
20180512,1593,1,2018,5,12,31.6,25.5,20.6,71.8,1008.9,1.5,0,64,8,22,0.6,118,52,31,96,40,56,1,0,3,16,25,41,10,1,28,67,12,27,0,5
20180513,1594,1,2018,5,13,26.3,23.4,21.1,89,1009.6,1.4,7,19,10,40,1.2,150,93,66,102,42,60,1,0,3,8,26,49,15,1,21,80,11,25,1,2
20180514,1595,0,2018,5,14,33.6,26.7,21,76.8,1008.2,1.7,0,105,8,19,0.9,142,54,43,106,45,61,0,1,2,4,27,58,14,0,18,88,14,38,3,4
20180515,1596,0,2018,5,15,34.1,28.4,24.6,76.5,1005.1,2.5,0,68,7,16,0.7,123,47,34,117,48,69,1,0,0,10,22,64,20,1,21,95,16,31,2,3
20180516,1597,0,2018,5,16,36.1,29.6,23.4,73.5,1003.2,2.6,0,121,7,18,0.7,138,48,31,103,43,60,0,0,2,7,31,50,13,0,20,83,10,28,0,3
20180517,1598,0,2018,5,17,36.9,28.8,25.1,75,1002.8,1.7,0,91,10,40,0.8,165,62,36,98,34,64,3,1,1,10,13,54,16,4,15,79,16,36,2,2
20180518,1599,0,2018,5,18,32.6,26.7,22.3,80.5,1005.7,2,0,93,10,43,1,229,89,54,107,40,67,0,0,2,9,20,54,22,0,16,91,12,36,1,2
20180519,1600,1,2018,5,19,25.6,22.6,20.5,94.8,1008.6,1.2,135,0,5,28,0.9,97,36,23,74,27,47,0,1,1,4,20,34,14,1,14,59,11,26,1,2
20180520,1601,1,2018,5,20,23.6,21.4,19.3,94,1010.2,2.1,1,0,6,23,0.7,76,22,14,96,46,50,0,0,2,9,18,49,18,0,17,79,14,27,0,4
20180521,1602,0,2018,5,21,23.6,21.1,19.4,93.8,1011.9,1.7,1,0,6,27,0.7,67,30,19,87,32,55,0,1,1,10,26,33,16,1,18,68,12,17,0,7
20180522,1603,0,2018,5,22,30.4,24.1,21,84.3,1009.6,2.2,2,37,5,20,0.7,89,27,18,111,48,63,0,0,3,14,24,52,18,0,27,84,17,29,0,5
20180523,1604,0,2018,5,23,25.2,20.7,17.4,64.8,1013.2,2.1,2,96,7,34,0.8,172,72,22,66,29,37,0,0,3,8,25,23,7,0,23,43,7,11,1,0
20180524,1605,0,2018,5,24,27.9,21.7,13.8,59.8,1010.3,2,0,75,10,35,0.7,156,108,31,86,36,50,0,0,2,8,19,43,14,0,17,69,7,26,1,5
20180525,1606,0,2018,5,25,29.8,24.8,20.6,69.5,1003.4,1.3,0,26,10,42,0.8,138,118,49,101,37,64,0,0,2,11,29,51,8,0,23,78,19,25,0,1
20180526,1607,1,2018,5,26,26.2,23.1,21.6,95,1005.6,0.8,421,0,5,30,0.8,108,42,28,77,31,46,1,1,2,10,25,29,9,1,19,57,6,24,0,4
20180527,1608,1,2018,5,27,23.6,21.7,20.4,97,1009.4,1,112,0,6,32,0.8,71,38,28,77,30,47,0,0,2,7,16,39,13,0,17,60,15,20,0,2
20180528,1609,0,2018,5,28,27.1,23.2,20.5,90.5,1009.4,1,1,10,9,40,1.1,184,73,55,102,49,53,1,0,5,11,24,45,16,1,25,76,15,25,3,3
20180529,1610,0,2018,5,29,27.1,23.5,20.2,92,1010.5,1,0,0,9,36,1,99,64,48,90,35,55,0,0,2,10,29,36,13,0,26,64,12,26,2,1
20180530,1611,0,2018,5,30,27.6,24.3,22.4,89.3,1010.1,1,1,2,8,35,0.9,87,45,32,79,27,52,0,0,0,7,17,46,9,0,13,66,5,21,1,2
20180531,1612,0,2018,5,31,22.6,19.5,17.8,91.3,1013.2,1.3,130,0,7,43,0.8,124,54,28,87,33,54,0,0,1,9,30,37,10,0,20,67,6,25,1,1
20180601,1613,0,2018,6,1,24.6,19.3,14.6,83.3,1015.3,1.2,0,106,9,36,0.6,171,40,23,97,47,50,0,0,2,4,24,42,25,0,13,84,14,30,3,2
20180602,1614,1,2018,6,2,24.7,19.7,13.5,83.3,1014,1.2,0,13,10,30,0.7,126,42,26,88,39,49,0,0,3,11,26,37,11,0,25,63,11,18,0,6
20180603,1615,1,2018,6,3,24.8,22.1,19.7,75.8,1011.3,1,0,0,9,22,0.6,118,37,24,79,30,49,1,0,6,13,19,31,9,1,25,53,5,20,1,2
20180604,1616,0,2018,6,4,28.2,22.6,17.4,83.8,1010.2,0.7,1,22,9,31,0.7,106,51,35,103,52,51,1,0,2,14,24,47,15,1,20,82,11,24,0,4
20180605,1617,0,2018,6,5,24.3,21.8,20.2,87.3,1011,0.7,22,0,7,44,0.9,121,53,40,86,33,53,0,1,2,11,16,37,19,1,21,64,10,26,1,1
20180606,1618,0,2018,6,6,25.3,21.9,19.8,92,1010.8,0.7,440,0,6,29,0.9,126,36,30,85,37,48,0,0,1,13,27,30,14,0,21,64,12,18,1,2
20180607,1619,0,2018,6,7,28.1,23.6,18.7,84,1009.8,1.5,0,60,8,28,0.8,147,32,24,101,39,62,0,0,5,14,27,46,9,0,34,67,8,25,0,2
20180608,1620,0,2018,6,8,27,23.9,21.3,87.5,1007.6,1.1,0,0,10,30,0.7,100,36,26,74,38,36,0,0,1,5,20,35,13,0,15,59,13,20,1,3
20180609,1621,1,2018,6,9,28.3,24.2,21.2,80.3,1003.2,2.3,0,6,10,25,0.7,118,36,26,80,38,42,1,0,5,6,15,41,12,1,19,60,9,20,1,4
20180610,1622,1,2018,6,10,22.8,21.5,20.2,95.3,1002.2,1,77,0,6,29,0.7,84,37,27,78,35,43,0,0,3,4,24,33,14,0,14,64,9,24,2,2
20180611,1623,0,2018,6,11,29.6,23.7,18.3,79,1001.6,2.1,0,78,9,44,0.9,202,54,37,97,45,52,0,0,2,14,32,37,12,0,28,69,15,25,2,0
20180612,1624,0,2018,6,12,32.4,24.9,18.4,74.3,1003.6,1.3,0,53,12,43,1.1,198,76,51,87,43,44,0,0,4,6,15,48,14,0,15,72,11,25,2,0
20180613,1625,0,2018,6,13,32.3,26.2,19.2,66.3,1002.3,2.2,0,102,7,22,0.8,179,51,34,92,42,50,1,1,3,7,24,47,9,2,21,69,9,20,1,3
20180614,1626,0,2018,6,14,29.7,25.4,21.6,68.3,1001.7,2.1,0,80,7,14,0.6,123,27,17,98,39,59,1,0,3,9,21,51,13,1,19,78,8,32,1,2
20180615,1627,0,2018,6,15,28.6,24.2,17.6,74.8,1005,2.2,0,117,8,24,0.6,139,29,15,94,39,55,0,0,3,15,20,42,14,0,21,73,15,29,0,2
20180616,1628,1,2018,6,16,26.7,23.6,20.7,76,1008.6,2.5,0,114,8,17,0.6,129,48,27,84,35,49,0,0,5,6,18,40,15,0,21,63,12,29,0,1
20180617,1629,1,2018,6,17,29.5,24.7,18.9,78.8,1006.8,1.9,0,97,7,12,0.6,99,41,23,95,39,56,0,0,1,10,27,42,15,0,18,77,7,23,3,4
20180618,1630,1,2018,6,18,32.2,26.8,21.1,79.8,1003.4,2.5,0,82,6,10,0.6,88,29,17,70,28,42,0,0,3,12,18,29,8,0,21,49,10,16,0,2
20180619,1631,0,2018,6,19,33.1,27.7,25.2,85.3,999.8,1.9,222,15,5,18,0.6,101,22,13,109,51,58,0,0,3,5,18,64,19,0,13,96,10,37,0,5
20180620,1632,0,2018,6,20,25.8,23.1,21.6,98,1003.1,2.4,266,0,4,26,0.6,77,19,12,80,35,45,0,0,3,8,25,36,8,0,17,63,7,25,0,0
20180621,1633,0,2018,6,21,26.7,23.7,21.5,82.5,1007.4,2.4,1,77,6,20,0.6,125,24,16,76,31,45,0,0,2,6,19,41,8,0,15,61,5,26,1,1
20180622,1634,0,2018,6,22,23.1,21.2,18.7,96.5,1006.8,0.8,323,0,8,34,0.7,58,27,19,66,28,38,0,0,1,4,14,35,12,0,7,59,6,27,1,2
20180623,1635,1,2018,6,23,22,21.3,20.1,99.5,1005.9,1.1,116,0,5,31,0.7,86,15,10,86,39,47,0,0,2,12,23,37,12,0,21,65,9,25,1,2
20180624,1636,1,2018,6,24,28.4,24.4,21.2,92.8,1007.6,1.1,1,0,6,23,0.7,86,24,18,75,30,45,0,0,2,7,27,31,8,0,19,56,4,22,0,2
20180625,1637,0,2018,6,25,34.8,28.9,22.8,82.8,1007.2,1.3,5,106,6,23,0.7,122,40,28,97,43,54,0,0,0,13,22,48,14,0,17,80,11,26,2,2
20180626,1638,0,2018,6,26,36.9,31.1,26.8,78.3,1006.6,1.6,0,109,4,15,0.7,121,40,26,104,47,57,0,0,2,12,36,34,20,0,32,72,15,24,1,2
20180627,1639,0,2018,6,27,38.2,32,26.2,70.3,1005,2.1,0,107,5,18,0.7,125,40,26,119,51,68,0,0,2,9,36,53,19,0,25,94,15,33,2,2
20180628,1640,0,2018,6,28,36.6,31.2,28.2,71.5,1001.6,2.7,0,59,5,24,0.7,120,46,29,95,43,52,0,0,0,12,26,40,17,0,21,74,9,31,1,4
20180629,1641,0,2018,6,29,29.9,27,23.1,87.8,1001.6,1.6,474,30,6,32,0.7,75,32,18,93,39,54,0,0,4,8,23,46,12,0,16,77,11,27,2,3
20180630,1642,1,2018,6,30,29.5,27,24,88.5,1003.5,2.4,9,9,5,18,0.7,70,27,18,77,33,44,0,0,0,11,18,35,13,0,20,57,5,24,0,4
20180701,1643,1,2018,7,1,22.9,14.1,10.5,50.3,919.4,1.8,0,0,5,10,0.5,52,19,10,119,43,76,0,0,4,12,39,47,17,0,32,87,15,26,4,4
20180702,1644,0,2018,7,2,32.2,28.7,24.3,81,1000.9,2.1,0,73,5,12,0.6,69,26,13,91,41,50,0,1,4,11,18,42,15,1,20,70,11,26,0,2
20180703,1645,0,2018,7,3,31,27.6,25.5,90.3,998.2,1.1,1,0,6,25,0.7,96,41,24,94,39,55,0,0,2,12,28,36,16,0,25,69,7,26,1,0
20180704,1646,0,2018,7,4,32.8,28.6,25.1,86.5,998.4,1.1,0,42,6,23,0.8,143,33,22,79,34,45,1,0,1,9,20,32,16,1,19,59,9,21,1,5
20180705,1647,0,2018,7,5,30.1,27.8,25.1,92.3,998.9,1.9,342,0,5,24,0.7,80,25,19,88,39,49,1,0,1,17,18,38,13,1,24,63,4,32,2,1
20180706,1648,0,2018,7,6,32.1,27.2,24.1,94.3,999.9,1.5,948,0,5,27,0.7,90,34,23,86,34,52,1,0,2,12,19,44,8,1,21,64,7,19,1,2
20180707,1649,1,2018,7,7,33.1,28.8,25,86,1002.3,1.2,284,56,5,24,0.7,161,35,26,104,51,53,1,0,4,8,31,44,16,1,28,75,10,23,1,0
20180708,1650,1,2018,7,8,34.5,29.8,25.3,79.5,1004.4,2.1,0,42,5,11,0.5,104,30,20,96,37,59,0,0,2,13,31,33,17,0,23,73,6,30,2,2
20180709,1651,0,2018,7,9,33.4,29.8,26.2,75,1007.5,3,0,129,5,8,0.5,61,22,12,89,38,51,0,1,2,10,26,38,12,1,23,65,11,31,1,1
20180710,1652,0,2018,7,10,33.1,29.3,25.3,77.3,1008.7,2.5,0,129,6,10,0.5,44,24,12,79,34,45,1,0,1,6,22,38,11,1,17,61,10,17,3,2
20180711,1653,0,2018,7,11,31.4,28.9,26.7,77.8,1006.5,5.5,1,88,5,6,0.5,29,35,12,96,49,47,0,2,3,7,32,42,10,1,22,73,10,25,0,2
20180712,1654,0,2018,7,12,32.1,29.1,27.2,80,1008.1,4,0,94,4,7,0.5,49,22,10,85,37,48,0,0,4,8,26,35,12,0,21,64,9,17,0,4
20180713,1655,0,2018,7,13,33.2,29.1,26.3,76.8,1009.2,3,0,123,4,8,0.5,46,18,9,80,33,47,0,1,3,6,21,36,13,1,19,60,9,17,0,0
20180714,1656,1,2018,7,14,33.1,28.7,24.7,74.8,1008.7,3.1,0,130,4,9,0.5,58,17,9,82,34,48,0,0,1,6,28,38,9,0,18,64,6,13,0,4
20180715,1657,1,2018,7,15,33.6,28.7,24.1,76.3,1009,2.6,0,123,5,9,0.5,61,17,9,80,33,47,0,0,2,7,30,34,7,0,21,59,6,13,0,3
20180716,1658,0,2018,7,16,32.6,28.8,24.4,76.3,1009.3,3,0,115,4,9,0.5,52,17,8,79,26,53,1,0,1,11,24,34,8,1,21,57,10,21,1,1
20180717,1659,0,2018,7,17,33.2,29.1,25,76.3,1008.8,2.7,0,108,5,8,0.5,39,18,8,88,35,53,1,0,1,12,24,39,11,1,19,68,6,28,1,4
20180718,1660,0,2018,7,18,33.7,28.9,24.4,77,1008.2,2.7,0,126,4,9,0.5,47,19,8,82,31,51,0,0,1,8,23,41,9,0,16,66,8,27,2,3
20180719,1661,0,2018,7,19,34.4,29.2,24.1,74.3,1007.9,2.2,0,112,5,10,0.5,52,21,8,76,34,42,0,0,1,6,24,35,10,0,15,61,8,18,1,3
20180720,1662,0,2018,7,20,33.1,29,23.5,74.8,1006.2,2.5,0,95,7,15,0.5,74,39,25,87,38,49,1,0,3,7,31,36,9,1,18,68,11,13,2,4
20180721,1663,1,2018,7,21,31.4,27.8,25.1,89,1003.4,2.7,0,50,7,15,0.5,52,35,24,59,29,30,0,0,0,6,14,28,11,0,11,48,10,13,1,2
20180722,1664,1,2018,7,22,30.3,28.2,25.6,86.5,996.4,3.8,237,22,5,11,0.6,58,22,12,82,28,54,2,0,3,11,20,40,6,2,21,59,9,18,1,1
20180723,1665,0,2018,7,23,33,29,24.8,82.8,1001.5,2.2,262,82,5,15,0.6,51,21,13,88,32,56,1,0,1,14,26,31,15,1,25,62,13,22,2,2
20180724,1666,0,2018,7,24,35.2,29.3,24.9,82.3,1003.3,1.5,25,60,6,20,0.6,107,32,21,92,46,46,1,1,1,10,21,45,13,2,16,74,8,30,1,3
20180725,1667,0,2018,7,25,36.7,31.1,26.2,79.3,1004.8,1.7,0,76,5,17,0.7,124,45,31,91,37,54,2,0,3,8,25,40,13,2,22,67,5,22,2,1
20180726,1668,0,2018,7,26,36.5,28.7,24.2,85.3,1005.8,1.7,12,60,6,34,0.8,123,48,30,82,38,44,2,1,1,12,15,37,14,2,21,59,5,25,0,3
20180727,1669,0,2018,7,27,35.2,29.5,25,82,1006.2,0.8,0,80,8,33,0.8,189,54,36,88,35,53,1,0,3,7,28,40,9,1,19,68,10,20,0,0
20180728,1670,1,2018,7,28,34.8,30.4,25.9,80.8,1005.6,1.6,0,101,8,28,0.7,205,58,41,78,35,43,0,0,0,14,23,32,9,0,21,57,8,16,2,3
20180729,1671,1,2018,7,29,34.4,30.4,25.3,76.8,1004.1,1.6,0,95,8,30,0.7,139,61,42,85,38,47,0,1,2,11,24,28,19,1,22,62,4,22,2,1
20180730,1672,0,2018,7,30,35,29.2,26,82.5,1003.3,1.1,6,55,8,32,0.8,156,64,44,93,35,58,0,0,2,9,30,44,8,0,17,76,11,21,0,3
20180731,1673,0,2018,7,31,33.8,29.6,26.4,78.8,1003.5,1.7,0,69,7,24,0.7,192,48,33,76,27,49,1,0,2,11,26,32,4,1,21,54,6,21,2,1
20180801,1674,0,2018,8,1,33.7,28.9,24.8,82.3,1003.1,2.3,0,68,6,18,0.6,130,31,19,100,38,62,0,0,2,10,23,51,14,0,20,80,8,36,1,2
20180802,1675,0,2018,8,2,31.3,28.3,25.8,91,1001.6,2,259,16,5,14,0.6,80,27,18,87,40,47,1,0,2,7,17,47,13,1,13,73,8,18,1,2
20180803,1676,0,2018,8,3,33.3,28.3,24.7,84.3,998,2.5,441,52,4,13,0.6,97,21,15,102,43,59,0,0,0,14,25,50,13,0,20,82,7,29,2,1
20180804,1677,1,2018,8,4,34.4,30.2,26,78,1003.6,2.6,0,106,4,11,0.6,86,27,16,95,41,54,0,0,6,9,27,43,10,0,27,68,9,24,2,6
20180805,1678,1,2018,8,5,35.6,31,25.8,75.5,1005.1,2,0,109,4,10,0.6,106,29,19,104,47,57,1,0,0,19,24,50,10,1,25,78,11,27,0,1
20180806,1679,0,2018,8,6,35.7,30.8,26.4,78.3,1004.7,2.1,0,108,6,18,0.6,126,34,23,73,36,37,0,0,0,13,18,34,8,0,21,52,5,17,3,6
20180807,1680,0,2018,8,7,34.6,30.2,26.6,78.5,1005.2,2.7,0,105,6,14,0.6,87,26,17,97,45,52,0,1,1,12,28,42,13,0,24,73,11,28,4,3
20180808,1681,0,2018,8,8,33.3,29.7,24.7,78,1005.7,1.8,0,111,7,20,0.6,126,35,23,91,45,46,3,0,1,7,28,44,8,3,21,67,7,25,1,3
20180809,1682,0,2018,8,9,33,29,24.3,81,1005.4,1.2,0,97,8,22,0.7,144,43,29,95,44,51,1,1,1,5,33,45,9,2,16,77,7,27,1,4
20180810,1683,0,2018,8,10,34.4,29.8,24.5,75.3,1004.1,1.5,0,120,9,24,0.7,145,47,32,98,35,63,0,1,5,6,28,47,11,0,22,76,6,23,2,0
20180811,1684,1,2018,8,11,33.7,29.4,24.9,81.3,1001.8,1.7,0,78,11,29,0.8,138,56,37,90,40,50,0,1,2,7,24,37,19,0,22,68,10,31,0,0
20180812,1685,1,2018,8,12,29.1,27.6,25.9,91,998.5,2.5,113,0,6,16,0.7,58,25,16,93,41,52,0,0,3,12,31,35,12,0,29,64,10,28,0,0
20180813,1686,0,2018,8,13,33,29.4,26.7,81.5,999.3,4.2,296,30,4,9,0.6,70,22,11,95,40,55,0,0,2,10,28,40,15,0,23,72,10,26,0,5
20180814,1687,0,2018,8,14,32.9,29.5,25.5,82.8,1003.3,3.1,49,92,5,11,0.5,32,22,10,79,37,42,0,1,3,6,27,27,15,1,16,62,8,24,1,4
20180815,1688,0,2018,8,15,32.4,29.4,26.5,86.5,1002.6,2,2,89,6,16,0.5,60,26,12,77,35,42,1,0,5,10,17,34,10,1,19,57,7,17,1,4
20180816,1689,0,2018,8,16,31.2,27.7,26.3,92.5,997.5,3.8,292,20,4,16,0.6,63,20,10,95,44,51,0,0,1,9,32,42,11,0,23,72,10,29,1,5
20180817,1690,0,2018,8,17,33,28.4,25.4,87.8,994.2,4.1,784,19,4,12,0.6,92,21,14,85,36,49,0,0,3,6,28,35,13,0,21,64,11,27,1,3
20180818,1691,1,2018,8,18,31.8,28.2,26.4,87.8,1002.8,2.9,38,31,5,10,0.6,59,17,8,85,32,53,2,1,1,7,24,38,12,3,19,63,9,19,1,4
20180819,1692,1,2018,8,19,31.8,29,26.3,82.3,1003.9,3.5,8,70,5,9,0.5,52,14,7,81,38,43,0,0,2,7,21,40,11,0,11,70,10,23,2,2
20180820,1693,0,2018,8,20,33.1,29.5,26.4,81.8,1002.3,2.4,3,114,4,10,0.6,72,16,9,103,46,57,0,0,1,12,22,58,10,0,22,81,11,24,2,4
20180821,1694,0,2018,8,21,34,29.5,25.8,82.8,1000.8,1.6,0,54,6,22,0.7,127,27,16,109,42,67,0,1,5,5,21,56,21,0,21,88,13,25,1,7
20180822,1695,0,2018,8,22,32.8,29,24.9,81,1000.4,1.8,40,98,6,21,0.6,97,24,14,92,44,48,1,0,2,8,29,39,13,1,26,65,6,25,1,9
20180823,1696,0,2018,8,23,32.9,28.4,25.2,76.5,1000.7,1.4,0,98,7,25,0.8,165,41,25,95,43,52,0,0,3,9,33,39,11,0,19,76,8,23,0,2
20180824,1697,0,2018,8,24,30.2,27.3,22.8,67,1004.2,1.6,0,22,11,31,0.9,174,51,30,81,39,42,0,0,0,6,22,35,18,0,13,68,14,17,1,5
20180825,1698,1,2018,8,25,30.3,28,26,90,1004.1,1.6,177,0,6,23,0.7,87,34,20,88,41,47,0,0,0,8,22,41,17,0,17,71,13,21,2,1
20180826,1699,1,2018,8,26,31.4,28.4,26.4,87,1004,1.5,86,16,5,14,0.6,58,18,9,70,22,48,0,2,2,8,22,25,11,2,19,49,4,19,1,5
20180827,1700,0,2018,8,27,32.4,28.7,25.5,83.5,1006.4,2.9,37,77,5,9,0.5,55,18,8,117,56,61,0,0,3,12,37,47,18,0,25,92,15,33,0,7
20180828,1701,0,2018,8,28,31.6,28.6,26.7,80,1007.8,2.8,1,84,5,10,0.5,53,17,7,93,42,51,0,2,5,15,22,35,14,1,27,65,11,25,1,1
20180829,1702,0,2018,8,29,33.8,29.1,24.3,75.5,1006.7,3,0,101,5,11,0.5,68,18,7,82,34,48,0,0,4,9,18,32,19,0,18,64,7,26,2,5
20180830,1703,0,2018,8,30,33.1,28.9,24.7,76.3,1007.8,2.5,0,87,5,11,0.5,76,18,8,96,50,46,1,0,0,9,33,37,16,1,22,73,14,18,3,2
20180831,1704,0,2018,8,31,34.2,29.9,27,70.8,1008.4,2.4,0,79,6,12,0.5,90,20,11,95,41,54,0,0,4,11,28,37,15,0,25,70,9,24,0,6
20180901,1705,1,2018,8,1,33.6,29.2,25.5,80,1007.6,1.5,63,56,7,19,0.6,113,26,16,102,33,69,0,0,4,9,28,45,16,0,23,79,13,23,2,3
20180902,1706,1,2018,8,2,33.5,28.2,25.7,88.5,1005.2,0.9,40,26,7,22,0.6,150,37,26,89,38,51,1,0,2,7,22,41,16,1,12,76,9,25,2,2
20180903,1707,0,2018,8,3,34.4,28.2,25.7,91.8,1002.4,1.3,238,45,7,30,0.7,106,36,24,98,43,55,0,0,1,7,23,47,20,0,12,86,6,37,3,6
20180904,1708,0,2018,8,4,33.4,28.4,24.2,77.8,1002.4,2.1,0,72,8,33,0.9,186,56,37,94,40,54,0,0,3,4,24,45,18,0,14,80,13,26,2,1
20180905,1709,0,2018,8,5,32.9,26.7,21,74.8,1006.1,1.1,0,89,12,32,0.8,201,62,37,94,36,58,0,0,1,7,22,48,16,0,17,77,5,25,1,3
20180906,1710,0,2018,8,6,33,28.7,24.7,77.5,1005.3,1.7,0,30,6,17,0.7,142,54,36,77,36,41,0,0,0,11,18,33,15,0,16,61,6,21,1,6
20180907,1711,0,2018,8,7,28.3,24.1,21.9,89.5,1008.8,2,34,0,7,29,0.7,104,42,30,93,37,56,1,0,2,8,26,41,15,1,18,74,8,27,1,3
20180908,1712,1,2018,8,8,22.6,21.5,20.5,98.5,1012.9,0.8,174,0,7,39,0.7,73,32,22,83,38,45,0,0,1,8,23,35,16,0,14,69,5,30,1,1
20180909,1713,1,2018,8,9,27.9,24,18.4,75.5,1015.5,2.4,1,95,8,27,0.6,112,29,17,83,39,44,0,0,1,4,25,42,11,0,14,69,3,28,4,3
20180910,1714,0,2018,8,10,27.7,24.3,20.5,72.8,1016.8,1.7,0,29,8,30,0.5,110,30,15,98,42,56,0,1,2,11,24,52,8,1,24,73,7,25,0,5
20180911,1715,0,2018,9,11,27.7,22.5,20.1,92.5,1014.7,0.5,67,0,9,42,0.6,72,39,20,88,36,52,0,0,1,6,24,39,18,0,18,70,10,29,1,4
20180912,1716,0,2018,9,12,26.3,22.9,20.7,96.3,1012.7,1.9,52,0,6,28,0.5,72,18,10,79,37,42,0,0,4,3,21,34,17,0,16,63,9,30,1,3
20180913,1717,0,2018,9,13,29.7,25.6,21.7,87.3,1012.5,0.8,0,16,8,35,0.6,131,43,30,82,41,41,1,0,3,11,22,36,9,1,21,60,9,21,0,4
20180914,1718,0,2018,9,14,30.7,26.3,23.3,91.3,1013.2,1.2,0,48,8,39,0.7,159,51,34,102,42,60,0,1,1,7,29,55,9,1,18,83,16,29,1,2
20180915,1719,1,2018,9,15,30.8,27.1,22.4,83.5,1013.5,1.8,0,81,8,23,0.5,91,26,16,102,40,62,0,0,2,8,25,50,17,0,19,83,16,30,1,7
20180916,1720,1,2018,9,16,32.4,27.6,23.2,87.3,1012.8,1.4,7,65,6,16,0.5,34,22,11,103,39,64,0,0,0,15,34,42,12,0,24,79,16,26,1,3
20180917,1721,0,2018,9,17,28.2,24.9,23.5,99.5,1014.6,1.2,1385,0,6,21,0.5,16,12,6,109,44,65,0,0,1,7,30,50,21,0,17,92,12,34,0,7
20180918,1722,0,2018,9,18,32.8,26.7,22.7,90.5,1015.2,1.4,0,99,8,24,0.6,121,25,15,113,44,69,2,0,3,12,34,47,15,2,24,87,7,21,1,6
20180919,1723,0,2018,9,19,34.3,28.8,25,84.3,1011.7,1.7,0,85,6,22,0.5,88,30,18,103,45,58,0,0,2,13,26,48,14,0,23,80,14,26,0,5
20180920,1724,0,2018,9,20,35.1,28.3,23.8,83.3,1008.8,1.8,248,73,6,25,0.5,94,27,17,77,33,44,1,0,1,4,19,34,18,1,14,62,12,20,0,4
20180921,1725,0,2018,9,21,27.1,24.8,23.4,92.3,1011.6,1.1,22,0,7,33,0.9,70,28,20,105,51,54,1,0,0,12,28,47,17,1,21,83,7,28,3,4
20180922,1726,1,2018,9,22,27.7,24,22.2,92.5,1015.5,1.5,69,0,9,46,0.9,80,34,22,88,32,56,0,0,0,5,24,46,13,0,16,72,19,20,0,0
20180923,1727,1,2018,9,23,27.5,24.5,23,90.3,1015.7,1.1,1,0,10,37,0.7,87,36,22,93,43,50,0,0,0,7,30,42,14,0,15,78,12,22,1,2
20180924,1728,1,2018,9,24,28.2,24.9,22.2,67.5,1016.4,3.2,0,88,9,23,0.7,144,39,22,82,45,37,0,0,0,7,14,54,7,0,12,70,9,29,0,2
20180925,1729,0,2018,9,25,26,23.8,21.9,54.8,1015.7,3.2,0,77,7,19,0.5,113,27,10,87,37,50,0,0,1,12,12,45,17,0,18,69,11,30,1,4
20180926,1730,0,2018,9,26,26.3,23.7,21.7,61.3,1014.3,3.3,0,26,6,19,0.5,106,26,10,97,45,52,1,0,2,8,28,48,10,1,20,76,12,35,0,2
20180927,1731,0,2018,9,27,26.9,24,21.4,69.3,1014.1,2.6,31,52,6,20,0.5,98,27,12,92,39,53,0,0,0,9,26,41,16,0,14,78,5,25,0,3
20180928,1732,0,2018,9,28,27.2,23.4,18.6,72.8,1013.9,2.4,0,79,8,26,0.5,104,28,10,72,36,36,0,0,3,6,28,27,8,0,18,54,3,23,1,7
20180929,1733,0,2018,9,29,27.2,24.1,22,66.3,1010.3,4.2,0,101,7,15,0.5,103,27,9,96,45,51,0,0,2,10,23,47,14,0,25,71,14,23,2,4
20180930,1734,0,2018,9,30,27.9,22.4,18,69.8,1011.1,2.9,0,100,13,42,0.9,217,75,44,77,32,45,0,0,1,4,28,31,13,0,14,63,10,17,1,2
